
2026-09-26T18:30:38.342Z ===== RUN START dryRun=false source=46378923 destination=414445 setupOnly=false =====
WARN 2026-09-26T18:30:41.876Z [OWNER_MAPPING_ERROR] Mapped destination owner is not an active owner sourceOwnerId=88490010 destinationOwnerId=88490010 validationResult=ARCHIVED
WARN 2026-09-26T18:30:41.877Z [OWNER_MAPPING_ERROR] Mapped destination owner is not an active owner sourceOwnerId=88495508 destinationOwnerId=88495508 validationResult=ARCHIVED
WARN 2026-09-26T18:30:41.877Z [OWNER_MAPPING_ERROR] Mapped destination owner is not an active owner sourceOwnerId=90889758 destinationOwnerId=1168039153 validationResult=ARCHIVED
WARN 2026-09-26T18:30:41.877Z [DEFAULT_OWNER_NOT_CONFIGURED] DEFAULT_DESTINATION_OWNER_ID is not set. Safe fallback: calls whose source owner is unmapped/invalid are migrated WITHOUT an owner (hubspot_owner_id left empty) and logged.
2026-09-26T18:30:41.879Z [OWNER_VALIDATION] 48/51 owner mappings valid invalid=3 defaultOwner=none report=/home/cedcoss/Desktop/Practus-Migration HS To HS -All/logs/call-migration-owner-validation.json
2026-09-26T18:30:42.451Z [CALL_OUTCOMES] 7/7 source call outcomes resolved in destination unmatched=none
2026-09-26T18:30:43.211Z [ASSOCIATION_DEFINITIONS] call->contacts: default typeId 194 customLabels=none
2026-09-26T18:30:43.803Z [ASSOCIATION_DEFINITIONS] call->companies: default typeId 182 customLabels=none
2026-09-26T18:30:44.408Z [ASSOCIATION_DEFINITIONS] call->deals: default typeId 206 customLabels=none
2026-09-26T18:30:44.408Z [RECORD_MAPPING] Resolving destination records by on-demand search strategy=auto sourceCalls=1
2026-09-26T18:30:45.634Z [RECORD_MAPPING] contacts: tm_contact_record_id populated on 519922 destination records mode=ON_DEMAND cached=0 ambiguous=0
2026-09-26T18:30:46.998Z [RECORD_MAPPING] companies: tm_company_record_id populated on 95653 destination records mode=ON_DEMAND cached=0 ambiguous=0
2026-09-26T18:30:48.133Z [RECORD_MAPPING] deals: tm_deal_record_id populated on 16927 destination records mode=ON_DEMAND cached=0 ambiguous=0
WARN 2026-09-26T18:30:48.625Z [UNTRACKED_DESTINATION_CALLS] Destination portal already has 4289 call(s) WITHOUT source_call_record_id. They cannot be matched to source calls; if any were migrated earlier by another tool, this run would duplicate them. Verify, then set ALLOW_UNTRACKED_DESTINATION_CALLS=true to proceed (those calls are never modified). count=4289 allowed=true
2026-09-26T18:30:49.914Z [TRACKING_PROPERTY_CREATED] Created destination call property "source_call_record_id" (unique) groupName=callinformation
2026-09-26T18:30:50.407Z [PROPERTY_PLAN] 36 writable call properties, 87 skipped PROPERTY_NOT_WRITABLE=61 PROPERTY_EXCLUDED=26 report=/home/cedcoss/Desktop/Practus-Migration HS To HS -All/logs/call-migration-property-report.json
2026-09-26T18:30:54.651Z [OWNER_MAPPING_NOT_FOUND] Source owner is not in the owner mapping sourceCallId=55355744160 sourceOwnerId=1319846492 fallback=UNASSIGNED
2026-09-26T18:30:55.977Z [ASSOCIATED] CALL 117469607498 → CONTACT 181873417007 sourceCall=55355744160 sourceRecord=34387337790 types=HUBSPOT_DEFINED:194
2026-09-26T18:30:55.977Z [ASSOCIATED] CALL 117469607498 → CONTACT 251062201941 sourceCall=55355744160 sourceRecord=34388498800 types=HUBSPOT_DEFINED:194
2026-09-26T18:30:55.977Z [ASSOCIATED] CALL 117469607498 → CONTACT 251058462275 sourceCall=55355744160 sourceRecord=34389390710 types=HUBSPOT_DEFINED:194
2026-09-26T18:30:55.977Z [COMPANY_MAPPING_NOT_FOUND] No unique destination companies with tm_company_record_id=22413410817 sourceCallId=55355744160 destinationCallId=117469607498 associatedSourceRecordId=22413410817
2026-09-26T18:30:56.546Z [ASSOCIATED] CALL 117469607498 → COMPANY 58587846565 sourceCall=55355744160 sourceRecord=22412986385 types=HUBSPOT_DEFINED:182
2026-09-26T18:30:56.547Z [PROPERTY_SKIPPED] sourceCall=55355744160 properties=hs_all_owner_ids:PROPERTY_EXCLUDED,hs_body_preview:PROPERTY_NOT_WRITABLE,hs_body_preview_html:PROPERTY_NOT_WRITABLE,hs_body_preview_is_truncated:PROPERTY_NOT_WRITABLE,hs_call_authed_url_provider:PROPERTY_NOT_WRITABLE,hs_call_source:PROPERTY_EXCLUDED,hs_call_video_meeting_type:PROPERTY_NOT_WRITABLE,hs_connected_count:PROPERTY_NOT_WRITABLE,hs_created_by:PROPERTY_EXCLUDED,hs_createdate:PROPERTY_EXCLUDED,hs_engagements_last_contacted:PROPERTY_NOT_WRITABLE,hs_has_call_notes:PROPERTY_NOT_WRITABLE,hs_lastmodifieddate:PROPERTY_EXCLUDED,hs_obj_coords:PROPERTY_NOT_WRITABLE,hs_object_id:PROPERTY_EXCLUDED,hs_object_source:PROPERTY_EXCLUDED,hs_object_source_detail_1:PROPERTY_EXCLUDED,hs_object_source_id:PROPERTY_EXCLUDED,hs_object_source_label:PROPERTY_EXCLUDED,hs_user_ids_of_all_owners:PROPERTY_EXCLUDED,hs_voicemail_count:PROPERTY_NOT_WRITABLE,hubspot_owner_assigneddate:PROPERTY_NOT_WRITABLE,hubspot_owner_id:OWNER_UNASSIGNED
2026-09-26T18:30:56.553Z [CREATED] sourceCall=55355744160 destinationCall=117469607498 owner=1319846492→- contacts=3 companies=1 deals=0
2026-09-26T18:30:56.553Z [PROGRESS] Fetched: 1 / 1 created=1 updated=0 unchanged=0 failed=0
========================================
CALL MIGRATION SUMMARY
========================================

Source Portal:      46378923
Destination Portal: 414445

Source Calls Found: 1 (portal total ≈ 1)
Created: 1
Updated: 0
Already Current: 0
Failed: 0
Calls With Association Errors: 0

Contact Associations Created: 3 (already present 0, failed 0)
Company Associations Created: 1 (already present 0, failed 0)
Deal Associations Created: 0 (already present 0, failed 0)

Contact Mapping Missing: 0
Company Mapping Missing: 1
Deal Mapping Missing: 0

Properties Skipped: 1
Owner Mapping Missing: 1
Owner Mapping Invalid: 0
Owner Left Unassigned: 1

Rate Limit Retries: 0
Other Retries: 0

Duration: 0h 0m 18s
========================================

Top Errors / Issues:

1. OWNER_MAPPING_ERROR: 3
2. UNTRACKED_DESTINATION_CALLS: 1
3. OWNER_MAPPING_NOT_FOUND: 1
4. COMPANY_MAPPING_NOT_FOUND: 1
5. OWNER_UNASSIGNED: 1

Logs: /home/cedcoss/Desktop/Practus-Migration HS To HS -All/logs

2026-09-26T18:31:19.051Z ===== RUN START dryRun=false source=46378923 destination=414445 setupOnly=false =====
WARN 2026-09-26T18:31:22.403Z [OWNER_MAPPING_ERROR] Mapped destination owner is not an active owner sourceOwnerId=88490010 destinationOwnerId=88490010 validationResult=ARCHIVED
WARN 2026-09-26T18:31:22.404Z [OWNER_MAPPING_ERROR] Mapped destination owner is not an active owner sourceOwnerId=88495508 destinationOwnerId=88495508 validationResult=ARCHIVED
WARN 2026-09-26T18:31:22.404Z [OWNER_MAPPING_ERROR] Mapped destination owner is not an active owner sourceOwnerId=90889758 destinationOwnerId=1168039153 validationResult=ARCHIVED
WARN 2026-09-26T18:31:22.405Z [DEFAULT_OWNER_NOT_CONFIGURED] DEFAULT_DESTINATION_OWNER_ID is not set. Safe fallback: calls whose source owner is unmapped/invalid are migrated WITHOUT an owner (hubspot_owner_id left empty) and logged.
2026-09-26T18:31:22.406Z [OWNER_VALIDATION] 48/51 owner mappings valid invalid=3 defaultOwner=none report=/home/cedcoss/Desktop/Practus-Migration HS To HS -All/logs/call-migration-owner-validation.json
2026-09-26T18:31:22.908Z [CALL_OUTCOMES] 7/7 source call outcomes resolved in destination unmatched=none
2026-09-26T18:31:23.420Z [ASSOCIATION_DEFINITIONS] call->contacts: default typeId 194 customLabels=none
2026-09-26T18:31:24.037Z [ASSOCIATION_DEFINITIONS] call->companies: default typeId 182 customLabels=none
2026-09-26T18:31:24.604Z [ASSOCIATION_DEFINITIONS] call->deals: default typeId 206 customLabels=none
2026-09-26T18:31:24.605Z [RECORD_MAPPING] Resolving destination records by on-demand search strategy=auto sourceCalls=1
2026-09-26T18:31:25.889Z [RECORD_MAPPING] contacts: tm_contact_record_id populated on 519922 destination records mode=ON_DEMAND cached=0 ambiguous=0
2026-09-26T18:31:26.910Z [RECORD_MAPPING] companies: tm_company_record_id populated on 95653 destination records mode=ON_DEMAND cached=0 ambiguous=0
2026-09-26T18:31:28.227Z [RECORD_MAPPING] deals: tm_deal_record_id populated on 16927 destination records mode=ON_DEMAND cached=0 ambiguous=0
WARN 2026-09-26T18:31:28.748Z [UNTRACKED_DESTINATION_CALLS] Destination portal already has 4289 call(s) WITHOUT source_call_record_id. They cannot be matched to source calls; if any were migrated earlier by another tool, this run would duplicate them. Verify, then set ALLOW_UNTRACKED_DESTINATION_CALLS=true to proceed (those calls are never modified). count=4289 allowed=true
2026-09-26T18:31:28.754Z [TRACKING_PROPERTY] Destination call property "source_call_record_id" exists type=string hasUniqueValue=true
2026-09-26T18:31:28.757Z [PROPERTY_PLAN] 36 writable call properties, 87 skipped PROPERTY_NOT_WRITABLE=61 PROPERTY_EXCLUDED=26 report=/home/cedcoss/Desktop/Practus-Migration HS To HS -All/logs/call-migration-property-report.json
2026-09-26T18:31:33.316Z [OWNER_MAPPING_NOT_FOUND] Source owner is not in the owner mapping sourceCallId=55355744160 sourceOwnerId=1319846492 fallback=UNASSIGNED
2026-09-26T18:31:33.918Z [COMPANY_MAPPING_NOT_FOUND] No unique destination companies with tm_company_record_id=22413410817 sourceCallId=55355744160 destinationCallId=117469607498 associatedSourceRecordId=22413410817
2026-09-26T18:31:34.435Z [PROPERTY_SKIPPED] sourceCall=55355744160 properties=hs_all_owner_ids:PROPERTY_EXCLUDED,hs_body_preview:PROPERTY_NOT_WRITABLE,hs_body_preview_html:PROPERTY_NOT_WRITABLE,hs_body_preview_is_truncated:PROPERTY_NOT_WRITABLE,hs_call_authed_url_provider:PROPERTY_NOT_WRITABLE,hs_call_source:PROPERTY_EXCLUDED,hs_call_video_meeting_type:PROPERTY_NOT_WRITABLE,hs_connected_count:PROPERTY_NOT_WRITABLE,hs_created_by:PROPERTY_EXCLUDED,hs_createdate:PROPERTY_EXCLUDED,hs_engagements_last_contacted:PROPERTY_NOT_WRITABLE,hs_has_call_notes:PROPERTY_NOT_WRITABLE,hs_lastmodifieddate:PROPERTY_EXCLUDED,hs_obj_coords:PROPERTY_NOT_WRITABLE,hs_object_id:PROPERTY_EXCLUDED,hs_object_source:PROPERTY_EXCLUDED,hs_object_source_detail_1:PROPERTY_EXCLUDED,hs_object_source_id:PROPERTY_EXCLUDED,hs_object_source_label:PROPERTY_EXCLUDED,hs_user_ids_of_all_owners:PROPERTY_EXCLUDED,hs_voicemail_count:PROPERTY_NOT_WRITABLE,hubspot_owner_assigneddate:PROPERTY_NOT_WRITABLE,hubspot_owner_id:OWNER_UNASSIGNED
2026-09-26T18:31:34.436Z [UNCHANGED] sourceCall=55355744160 destinationCall=117469607498 owner=1319846492→- contacts=0 companies=0 deals=0
2026-09-26T18:31:34.436Z [PROGRESS] Fetched: 1 / 1 created=0 updated=0 unchanged=1 failed=0
========================================
CALL MIGRATION SUMMARY
========================================

Source Portal:      46378923
Destination Portal: 414445

Source Calls Found: 1 (portal total ≈ 1)
Created: 0
Updated: 0
Already Current: 1
Failed: 0
Calls With Association Errors: 0

Contact Associations Created: 0 (already present 3, failed 0)
Company Associations Created: 0 (already present 1, failed 0)
Deal Associations Created: 0 (already present 0, failed 0)

Contact Mapping Missing: 0
Company Mapping Missing: 1
Deal Mapping Missing: 0

Properties Skipped: 1
Owner Mapping Missing: 1
Owner Mapping Invalid: 0
Owner Left Unassigned: 1

Rate Limit Retries: 0
Other Retries: 0

Duration: 0h 0m 15s
========================================

Top Errors / Issues:

1. OWNER_MAPPING_ERROR: 3
2. UNTRACKED_DESTINATION_CALLS: 1
3. OWNER_MAPPING_NOT_FOUND: 1
4. COMPANY_MAPPING_NOT_FOUND: 1
5. OWNER_UNASSIGNED: 1

Logs: /home/cedcoss/Desktop/Practus-Migration HS To HS -All/logs

2026-09-26T18:31:40.620Z ===== RUN START dryRun=false source=46378923 destination=414445 setupOnly=false =====
WARN 2026-09-26T18:31:44.307Z [OWNER_MAPPING_ERROR] Mapped destination owner is not an active owner sourceOwnerId=88490010 destinationOwnerId=88490010 validationResult=ARCHIVED
WARN 2026-09-26T18:31:44.308Z [OWNER_MAPPING_ERROR] Mapped destination owner is not an active owner sourceOwnerId=88495508 destinationOwnerId=88495508 validationResult=ARCHIVED
WARN 2026-09-26T18:31:44.308Z [OWNER_MAPPING_ERROR] Mapped destination owner is not an active owner sourceOwnerId=90889758 destinationOwnerId=1168039153 validationResult=ARCHIVED
WARN 2026-09-26T18:31:44.308Z [DEFAULT_OWNER_NOT_CONFIGURED] DEFAULT_DESTINATION_OWNER_ID is not set. Safe fallback: calls whose source owner is unmapped/invalid are migrated WITHOUT an owner (hubspot_owner_id left empty) and logged.
2026-09-26T18:31:44.309Z [OWNER_VALIDATION] 48/51 owner mappings valid invalid=3 defaultOwner=none report=/home/cedcoss/Desktop/Practus-Migration HS To HS -All/logs/call-migration-owner-validation.json
2026-09-26T18:31:44.815Z [CALL_OUTCOMES] 7/7 source call outcomes resolved in destination unmatched=none
2026-09-26T18:31:45.337Z [ASSOCIATION_DEFINITIONS] call->contacts: default typeId 194 customLabels=none
2026-09-26T18:31:45.843Z [ASSOCIATION_DEFINITIONS] call->companies: default typeId 182 customLabels=none
2026-09-26T18:31:46.354Z [ASSOCIATION_DEFINITIONS] call->deals: default typeId 206 customLabels=none
2026-09-26T18:31:46.882Z [RECORD_MAPPING] Resolving destination records by on-demand search strategy=auto sourceCalls=16
2026-09-26T18:31:47.999Z [RECORD_MAPPING] contacts: tm_contact_record_id populated on 519922 destination records mode=ON_DEMAND cached=0 ambiguous=0
2026-09-26T18:31:49.125Z [RECORD_MAPPING] companies: tm_company_record_id populated on 95653 destination records mode=ON_DEMAND cached=0 ambiguous=0
2026-09-26T18:31:50.354Z [RECORD_MAPPING] deals: tm_deal_record_id populated on 16927 destination records mode=ON_DEMAND cached=0 ambiguous=0
WARN 2026-09-26T18:31:50.993Z [UNTRACKED_DESTINATION_CALLS] Destination portal already has 4289 call(s) WITHOUT source_call_record_id. They cannot be matched to source calls; if any were migrated earlier by another tool, this run would duplicate them. Verify, then set ALLOW_UNTRACKED_DESTINATION_CALLS=true to proceed (those calls are never modified). count=4289 allowed=true
2026-09-26T18:31:50.994Z [TRACKING_PROPERTY] Destination call property "source_call_record_id" exists type=string hasUniqueValue=true
2026-09-26T18:31:50.996Z [PROPERTY_PLAN] 36 writable call properties, 87 skipped PROPERTY_NOT_WRITABLE=61 PROPERTY_EXCLUDED=26 report=/home/cedcoss/Desktop/Practus-Migration HS To HS -All/logs/call-migration-property-report.json
2026-09-26T18:31:58.755Z [OWNER_MAPPING_NOT_FOUND] Source owner is not in the owner mapping sourceCallId=55355744160 sourceOwnerId=1319846492 fallback=UNASSIGNED
2026-09-26T18:31:58.756Z [OWNER_MAPPING_NOT_FOUND] Source owner is not in the owner mapping sourceCallId=55357424687 sourceOwnerId=1319846492 fallback=UNASSIGNED
2026-09-26T18:31:58.756Z [OWNER_MAPPING_NOT_FOUND] Source owner is not in the owner mapping sourceCallId=55357534092 sourceOwnerId=1319846492 fallback=UNASSIGNED
2026-09-26T18:31:58.758Z [OWNER_MAPPING_NOT_FOUND] Source owner is not in the owner mapping sourceCallId=55358554459 sourceOwnerId=1319846492 fallback=UNASSIGNED
2026-09-26T18:31:58.759Z [OWNER_MAPPING_NOT_FOUND] Source owner is not in the owner mapping sourceCallId=61945630630 sourceOwnerId=1319846492 fallback=UNASSIGNED
2026-09-26T18:31:58.759Z [OWNER_MAPPING_NOT_FOUND] Source owner is not in the owner mapping sourceCallId=62128312208 sourceOwnerId=1319846492 fallback=UNASSIGNED
2026-09-26T18:31:58.759Z [OWNER_MAPPING_NOT_FOUND] Source owner is not in the owner mapping sourceCallId=62130540927 sourceOwnerId=1319846492 fallback=UNASSIGNED
2026-09-26T18:31:58.760Z [OWNER_MAPPING_NOT_FOUND] Source owner is not in the owner mapping sourceCallId=62176531600 sourceOwnerId=1319846492 fallback=UNASSIGNED
2026-09-26T18:31:58.760Z [OWNER_MAPPING_NOT_FOUND] Source owner is not in the owner mapping sourceCallId=63002874713 sourceOwnerId=1319846492 fallback=UNASSIGNED
2026-09-26T18:31:58.760Z [OWNER_MAPPING_NOT_FOUND] Source owner is not in the owner mapping sourceCallId=63939374394 sourceOwnerId=1319846492 fallback=UNASSIGNED
2026-09-26T18:31:58.760Z [OWNER_MAPPING_NOT_FOUND] Source owner is not in the owner mapping sourceCallId=71955122857 sourceOwnerId=1319846492 fallback=UNASSIGNED
2026-09-26T18:31:58.761Z [OWNER_MAPPING_NOT_FOUND] Source owner is not in the owner mapping sourceCallId=75219005238 sourceOwnerId=1319846492 fallback=UNASSIGNED
2026-09-26T18:31:58.761Z [OWNER_MAPPING_NOT_FOUND] Source owner is not in the owner mapping sourceCallId=77634518148 sourceOwnerId=1319846492 fallback=UNASSIGNED
2026-09-26T18:31:58.761Z [OWNER_MAPPING_NOT_FOUND] Source owner is not in the owner mapping sourceCallId=88691867916 sourceOwnerId=1319846492 fallback=UNASSIGNED
2026-09-26T18:31:58.761Z [OWNER_MAPPING_NOT_FOUND] Source owner is not in the owner mapping sourceCallId=89454335639 sourceOwnerId=1319846492 fallback=UNASSIGNED
2026-09-26T18:31:58.762Z [OWNER_MAPPING_NOT_FOUND] Source owner is not in the owner mapping sourceCallId=90746256263 sourceOwnerId=1319846492 fallback=UNASSIGNED
2026-09-26T18:32:01.107Z [ASSOCIATED] CALL 117469660439 → CONTACT 181873417007 sourceCall=55357424687 sourceRecord=34387337790 types=HUBSPOT_DEFINED:194
2026-09-26T18:32:01.107Z [ASSOCIATED] CALL 117469660439 → CONTACT 251058462275 sourceCall=55357424687 sourceRecord=34389390710 types=HUBSPOT_DEFINED:194
2026-09-26T18:32:01.107Z [ASSOCIATED] CALL 117469660439 → CONTACT 251059571734 sourceCall=55357424687 sourceRecord=34390197329 types=HUBSPOT_DEFINED:194
2026-09-26T18:32:01.107Z [ASSOCIATED] CALL 117469660442 → CONTACT 251070336332 sourceCall=55357534092 sourceRecord=34387580943 types=HUBSPOT_DEFINED:194
2026-09-26T18:32:01.107Z [ASSOCIATED] CALL 117469660442 → CONTACT 251062201941 sourceCall=55357534092 sourceRecord=34388498800 types=HUBSPOT_DEFINED:194
2026-09-26T18:32:01.107Z [ASSOCIATED] CALL 117469660442 → CONTACT 251016586825 sourceCall=55357534092 sourceRecord=34388694189 types=HUBSPOT_DEFINED:194
2026-09-26T18:32:01.107Z [ASSOCIATED] CALL 117469660442 → CONTACT 251058462275 sourceCall=55357534092 sourceRecord=34389390710 types=HUBSPOT_DEFINED:194
2026-09-26T18:32:01.107Z [ASSOCIATED] CALL 117469660440 → CONTACT 251058462275 sourceCall=55358554459 sourceRecord=34389390710 types=HUBSPOT_DEFINED:194
2026-09-26T18:32:01.107Z [ASSOCIATED] CALL 117469660440 → CONTACT 251069819137 sourceCall=55358554459 sourceRecord=34390810481 types=HUBSPOT_DEFINED:194
2026-09-26T18:32:01.107Z [ASSOCIATED] CALL 117469660449 → CONTACT 251061821790 sourceCall=61945630630 sourceRecord=37313109832 types=HUBSPOT_DEFINED:194
2026-09-26T18:32:01.107Z [ASSOCIATED] CALL 117469660449 → CONTACT 251062361947 sourceCall=61945630630 sourceRecord=48421238840 types=HUBSPOT_DEFINED:194
2026-09-26T18:32:01.107Z [ASSOCIATED] CALL 117469660449 → CONTACT 251066284864 sourceCall=61945630630 sourceRecord=48479420547 types=HUBSPOT_DEFINED:194
2026-09-26T18:32:01.108Z [ASSOCIATED] CALL 117469660449 → CONTACT 251066714451 sourceCall=61945630630 sourceRecord=48479421589 types=HUBSPOT_DEFINED:194
2026-09-26T18:32:01.108Z [ASSOCIATED] CALL 117469660449 → CONTACT 251070992175 sourceCall=61945630630 sourceRecord=48479741772 types=HUBSPOT_DEFINED:194
2026-09-26T18:32:01.108Z [ASSOCIATED] CALL 117469660449 → CONTACT 251062069645 sourceCall=61945630630 sourceRecord=48493191761 types=HUBSPOT_DEFINED:194
2026-09-26T18:32:01.108Z [ASSOCIATED] CALL 117469660449 → CONTACT 251069641988 sourceCall=61945630630 sourceRecord=48493469201 types=HUBSPOT_DEFINED:194
2026-09-26T18:32:01.108Z [ASSOCIATED] CALL 117469660449 → CONTACT 251059435693 sourceCall=61945630630 sourceRecord=48494506346 types=HUBSPOT_DEFINED:194
2026-09-26T18:32:01.108Z [ASSOCIATED] CALL 117469660449 → CONTACT 251059704201 sourceCall=61945630630 sourceRecord=48496720434 types=HUBSPOT_DEFINED:194
2026-09-26T18:32:01.108Z [ASSOCIATED] CALL 117469660449 → CONTACT 251059816867 sourceCall=61945630630 sourceRecord=48975789845 types=HUBSPOT_DEFINED:194
2026-09-26T18:32:01.108Z [ASSOCIATED] CALL 117469660449 → CONTACT 176760275343 sourceCall=61945630630 sourceRecord=48975798708 types=HUBSPOT_DEFINED:194
2026-09-26T18:32:01.108Z [ASSOCIATED] CALL 117469660449 → CONTACT 251059504044 sourceCall=61945630630 sourceRecord=52723607984 types=HUBSPOT_DEFINED:194
2026-09-26T18:32:01.108Z [ASSOCIATED] CALL 117469660449 → CONTACT 251070121507 sourceCall=61945630630 sourceRecord=52723630874 types=HUBSPOT_DEFINED:194
2026-09-26T18:32:01.108Z [ASSOCIATED] CALL 117469660449 → CONTACT 251061915690 sourceCall=61945630630 sourceRecord=52724063776 types=HUBSPOT_DEFINED:194
2026-09-26T18:32:01.108Z [ASSOCIATED] CALL 117469660449 → CONTACT 251061060197 sourceCall=61945630630 sourceRecord=52725719347 types=HUBSPOT_DEFINED:194
2026-09-26T18:32:01.108Z [ASSOCIATED] CALL 117469660449 → CONTACT 38329510021 sourceCall=61945630630 sourceRecord=52726517667 types=HUBSPOT_DEFINED:194
2026-09-26T18:32:01.108Z [ASSOCIATED] CALL 117469660449 → CONTACT 251070492305 sourceCall=61945630630 sourceRecord=52726517889 types=HUBSPOT_DEFINED:194
2026-09-26T18:32:01.108Z [ASSOCIATED] CALL 117469660449 → CONTACT 251068783626 sourceCall=61945630630 sourceRecord=52726550807 types=HUBSPOT_DEFINED:194
2026-09-26T18:32:01.108Z [ASSOCIATED] CALL 117469660449 → CONTACT 251068046156 sourceCall=61945630630 sourceRecord=52726550818 types=HUBSPOT_DEFINED:194
2026-09-26T18:32:01.108Z [ASSOCIATED] CALL 117469660449 → CONTACT 251059835763 sourceCall=61945630630 sourceRecord=52726550839 types=HUBSPOT_DEFINED:194
2026-09-26T18:32:01.108Z [ASSOCIATED] CALL 117469660449 → CONTACT 251070045570 sourceCall=61945630630 sourceRecord=52726621231 types=HUBSPOT_DEFINED:194
2026-09-26T18:32:01.108Z [ASSOCIATED] CALL 117469660449 → CONTACT 251062320652 sourceCall=61945630630 sourceRecord=52728074847 types=HUBSPOT_DEFINED:194
2026-09-26T18:32:01.108Z [ASSOCIATED] CALL 117469660449 → CONTACT 251061382006 sourceCall=61945630630 sourceRecord=52728426513 types=HUBSPOT_DEFINED:194
2026-09-26T18:32:01.108Z [ASSOCIATED] CALL 117469660449 → CONTACT 53084895335 sourceCall=61945630630 sourceRecord=52728426531 types=HUBSPOT_DEFINED:194
2026-09-26T18:32:01.108Z [ASSOCIATED] CALL 117469660449 → CONTACT 16494877 sourceCall=61945630630 sourceRecord=52728831253 types=HUBSPOT_DEFINED:194
2026-09-26T18:32:01.108Z [ASSOCIATED] CALL 117469660449 → CONTACT 251059476790 sourceCall=61945630630 sourceRecord=53959914344 types=HUBSPOT_DEFINED:194
2026-09-26T18:32:01.108Z [ASSOCIATED] CALL 117469660449 → CONTACT 251068242736 sourceCall=61945630630 sourceRecord=63746758948 types=HUBSPOT_DEFINED:194
2026-09-26T18:32:01.108Z [ASSOCIATED] CALL 117469660449 → CONTACT 251068936089 sourceCall=61945630630 sourceRecord=64434554533 types=HUBSPOT_DEFINED:194
2026-09-26T18:32:01.108Z [ASSOCIATED] CALL 117469660449 → CONTACT 251059543346 sourceCall=61945630630 sourceRecord=64649906044 types=HUBSPOT_DEFINED:194
2026-09-26T18:32:01.108Z [ASSOCIATED] CALL 117469660449 → CONTACT 133607325555 sourceCall=61945630630 sourceRecord=64778716189 types=HUBSPOT_DEFINED:194
2026-09-26T18:32:01.109Z [ASSOCIATED] CALL 117469660449 → CONTACT 251069510072 sourceCall=61945630630 sourceRecord=65381503561 types=HUBSPOT_DEFINED:194
2026-09-26T18:32:01.109Z [ASSOCIATED] CALL 117469660449 → CONTACT 251070110289 sourceCall=61945630630 sourceRecord=65399759698 types=HUBSPOT_DEFINED:194
2026-09-26T18:32:01.109Z [ASSOCIATED] CALL 117469660449 → CONTACT 251061408259 sourceCall=61945630630 sourceRecord=65650744184 types=HUBSPOT_DEFINED:194
2026-09-26T18:32:01.109Z [ASSOCIATED] CALL 117469660449 → CONTACT 251058924647 sourceCall=61945630630 sourceRecord=65771707250 types=HUBSPOT_DEFINED:194
2026-09-26T18:32:01.109Z [ASSOCIATED] CALL 117469660447 → CONTACT 251058462275 sourceCall=63002874713 sourceRecord=34389390710 types=HUBSPOT_DEFINED:194
2026-09-26T18:32:01.109Z [ASSOCIATED] CALL 117469660447 → CONTACT 251062058065 sourceCall=63002874713 sourceRecord=48477568051 types=HUBSPOT_DEFINED:194
2026-09-26T18:32:01.109Z [ASSOCIATED] CALL 117469660447 → CONTACT 251070326312 sourceCall=63002874713 sourceRecord=48478225995 types=HUBSPOT_DEFINED:194
2026-09-26T18:32:01.109Z [ASSOCIATED] CALL 117469660447 → CONTACT 251066284864 sourceCall=63002874713 sourceRecord=48479420547 types=HUBSPOT_DEFINED:194
2026-09-26T18:32:01.109Z [ASSOCIATED] CALL 117469660447 → CONTACT 251070992175 sourceCall=63002874713 sourceRecord=48479741772 types=HUBSPOT_DEFINED:194
2026-09-26T18:32:01.109Z [ASSOCIATED] CALL 117469660447 → CONTACT 160716834669 sourceCall=63002874713 sourceRecord=48493224964 types=HUBSPOT_DEFINED:194
2026-09-26T18:32:01.109Z [ASSOCIATED] CALL 117469660447 → CONTACT 251070054225 sourceCall=63002874713 sourceRecord=48494105224 types=HUBSPOT_DEFINED:194
2026-09-26T18:32:01.109Z [ASSOCIATED] CALL 117469660447 → CONTACT 251061300633 sourceCall=63002874713 sourceRecord=48494310178 types=HUBSPOT_DEFINED:194
2026-09-26T18:32:01.109Z [ASSOCIATED] CALL 117469660447 → CONTACT 251071590800 sourceCall=63002874713 sourceRecord=48494505913 types=HUBSPOT_DEFINED:194
2026-09-26T18:32:01.109Z [ASSOCIATED] CALL 117469660447 → CONTACT 251060033464 sourceCall=63002874713 sourceRecord=48495640577 types=HUBSPOT_DEFINED:194
2026-09-26T18:32:01.109Z [ASSOCIATED] CALL 117469660447 → CONTACT 251070347563 sourceCall=63002874713 sourceRecord=52692125262 types=HUBSPOT_DEFINED:194
2026-09-26T18:32:01.109Z [ASSOCIATED] CALL 117469660447 → CONTACT 251057874579 sourceCall=63002874713 sourceRecord=52723433609 types=HUBSPOT_DEFINED:194
2026-09-26T18:32:01.109Z [ASSOCIATED] CALL 117469660447 → CONTACT 251059608113 sourceCall=63002874713 sourceRecord=52728470883 types=HUBSPOT_DEFINED:194
2026-09-26T18:32:01.109Z [ASSOCIATED] CALL 117469660447 → CONTACT 251062303800 sourceCall=63002874713 sourceRecord=52728505649 types=HUBSPOT_DEFINED:194
2026-09-26T18:32:01.109Z [ASSOCIATED] CALL 117469660451 → CONTACT 251058462275 sourceCall=63939374394 sourceRecord=34389390710 types=HUBSPOT_DEFINED:194
2026-09-26T18:32:01.109Z [ASSOCIATED] CALL 117469660451 → CONTACT 251062228579 sourceCall=63939374394 sourceRecord=48477332812 types=HUBSPOT_DEFINED:194
2026-09-26T18:32:01.109Z [ASSOCIATED] CALL 117469660451 → CONTACT 251061853994 sourceCall=63939374394 sourceRecord=48478225334 types=HUBSPOT_DEFINED:194
2026-09-26T18:32:01.109Z [ASSOCIATED] CALL 117469660451 → CONTACT 44737229 sourceCall=63939374394 sourceRecord=48496571536 types=HUBSPOT_DEFINED:194
2026-09-26T18:32:01.109Z [ASSOCIATED] CALL 117469660451 → CONTACT 251070756133 sourceCall=63939374394 sourceRecord=48497652356 types=HUBSPOT_DEFINED:194
2026-09-26T18:32:01.109Z [ASSOCIATED] CALL 117469660451 → CONTACT 251068837383 sourceCall=63939374394 sourceRecord=48497668453 types=HUBSPOT_DEFINED:194
2026-09-26T18:32:01.109Z [ASSOCIATED] CALL 117469660451 → CONTACT 251071095664 sourceCall=63939374394 sourceRecord=52726567210 types=HUBSPOT_DEFINED:194
2026-09-26T18:32:01.109Z [ASSOCIATED] CALL 117469660451 → CONTACT 251059579684 sourceCall=63939374394 sourceRecord=63710721281 types=HUBSPOT_DEFINED:194
2026-09-26T18:32:01.109Z [ASSOCIATED] CALL 117469660451 → CONTACT 190572176737 sourceCall=63939374394 sourceRecord=75221680006 types=HUBSPOT_DEFINED:194
2026-09-26T18:32:01.109Z [ASSOCIATED] CALL 117469660451 → CONTACT 251069613213 sourceCall=63939374394 sourceRecord=75264732234 types=HUBSPOT_DEFINED:194
2026-09-26T18:32:01.109Z [ASSOCIATED] CALL 117469660443 → CONTACT 251058462275 sourceCall=71955122857 sourceRecord=34389390710 types=HUBSPOT_DEFINED:194
2026-09-26T18:32:01.109Z [ASSOCIATED] CALL 117469660443 → CONTACT 251061179245 sourceCall=71955122857 sourceRecord=48477995909 types=HUBSPOT_DEFINED:194
2026-09-26T18:32:01.109Z [ASSOCIATED] CALL 117469660443 → CONTACT 251066704944 sourceCall=71955122857 sourceRecord=48479758994 types=HUBSPOT_DEFINED:194
2026-09-26T18:32:01.109Z [ASSOCIATED] CALL 117469660443 → CONTACT 57830127 sourceCall=71955122857 sourceRecord=48492741435 types=HUBSPOT_DEFINED:194
2026-09-26T18:32:01.109Z [ASSOCIATED] CALL 117469660443 → CONTACT 251061070425 sourceCall=71955122857 sourceRecord=48493131317 types=HUBSPOT_DEFINED:194
2026-09-26T18:32:01.109Z [ASSOCIATED] CALL 117469660443 → CONTACT 251061060207 sourceCall=71955122857 sourceRecord=48493223518 types=HUBSPOT_DEFINED:194
2026-09-26T18:32:01.109Z [ASSOCIATED] CALL 117469660443 → CONTACT 251058147494 sourceCall=71955122857 sourceRecord=48493263173 types=HUBSPOT_DEFINED:194
2026-09-26T18:32:01.109Z [ASSOCIATED] CALL 117469660443 → CONTACT 251068614028 sourceCall=71955122857 sourceRecord=48493469625 types=HUBSPOT_DEFINED:194
2026-09-26T18:32:01.109Z [ASSOCIATED] CALL 117469660443 → CONTACT 251071569167 sourceCall=71955122857 sourceRecord=48493499929 types=HUBSPOT_DEFINED:194
2026-09-26T18:32:01.109Z [ASSOCIATED] CALL 117469660443 → CONTACT 251059517278 sourceCall=71955122857 sourceRecord=48493883474 types=HUBSPOT_DEFINED:194
2026-09-26T18:32:01.110Z [ASSOCIATED] CALL 117469660443 → CONTACT 251061300633 sourceCall=71955122857 sourceRecord=48494310178 types=HUBSPOT_DEFINED:194
2026-09-26T18:32:01.110Z [ASSOCIATED] CALL 117469660443 → CONTACT 23917577 sourceCall=71955122857 sourceRecord=48495657024 types=HUBSPOT_DEFINED:194
2026-09-26T18:32:01.110Z [ASSOCIATED] CALL 117469660443 → CONTACT 38334005067 sourceCall=71955122857 sourceRecord=48495673229 types=HUBSPOT_DEFINED:194
2026-09-26T18:32:01.110Z [ASSOCIATED] CALL 117469660443 → CONTACT 209623363979 sourceCall=71955122857 sourceRecord=48495938474 types=HUBSPOT_DEFINED:194
2026-09-26T18:32:01.110Z [ASSOCIATED] CALL 117469660443 → CONTACT 251061820536 sourceCall=71955122857 sourceRecord=48496417357 types=HUBSPOT_DEFINED:194
2026-09-26T18:32:01.110Z [ASSOCIATED] CALL 117469660443 → CONTACT 251062200900 sourceCall=71955122857 sourceRecord=48496557861 types=HUBSPOT_DEFINED:194
2026-09-26T18:32:01.110Z [ASSOCIATED] CALL 117469660443 → CONTACT 251059613618 sourceCall=71955122857 sourceRecord=48496658600 types=HUBSPOT_DEFINED:194
2026-09-26T18:32:01.110Z [ASSOCIATED] CALL 117469660443 → CONTACT 31866777 sourceCall=71955122857 sourceRecord=48496720669 types=HUBSPOT_DEFINED:194
2026-09-26T18:32:01.110Z [ASSOCIATED] CALL 117469660443 → CONTACT 251066285099 sourceCall=71955122857 sourceRecord=48496737904 types=HUBSPOT_DEFINED:194
2026-09-26T18:32:01.110Z [ASSOCIATED] CALL 117469660443 → CONTACT 251070480987 sourceCall=71955122857 sourceRecord=48497031555 types=HUBSPOT_DEFINED:194
2026-09-26T18:32:01.110Z [ASSOCIATED] CALL 117469660443 → CONTACT 251069510497 sourceCall=71955122857 sourceRecord=48497049101 types=HUBSPOT_DEFINED:194
2026-09-26T18:32:01.110Z [ASSOCIATED] CALL 117469660443 → CONTACT 251059502692 sourceCall=71955122857 sourceRecord=48497668269 types=HUBSPOT_DEFINED:194
2026-09-26T18:32:01.110Z [ASSOCIATED] CALL 117469660443 → CONTACT 251057814802 sourceCall=71955122857 sourceRecord=48497668690 types=HUBSPOT_DEFINED:194
2026-09-26T18:32:01.110Z [ASSOCIATED] CALL 117469660443 → CONTACT 46139496 sourceCall=71955122857 sourceRecord=48498893909 types=HUBSPOT_DEFINED:194
2026-09-26T18:32:01.110Z [ASSOCIATED] CALL 117469660443 → CONTACT 251070554466 sourceCall=71955122857 sourceRecord=48968913713 types=HUBSPOT_DEFINED:194
2026-09-26T18:32:01.110Z [ASSOCIATED] CALL 117469660443 → CONTACT 251061556066 sourceCall=71955122857 sourceRecord=52692125350 types=HUBSPOT_DEFINED:194
2026-09-26T18:32:01.110Z [ASSOCIATED] CALL 117469660443 → CONTACT 251061382789 sourceCall=71955122857 sourceRecord=52723391410 types=HUBSPOT_DEFINED:194
2026-09-26T18:32:01.110Z [ASSOCIATED] CALL 117469660443 → CONTACT 251070045570 sourceCall=71955122857 sourceRecord=52726621231 types=HUBSPOT_DEFINED:194
2026-09-26T18:32:01.110Z [ASSOCIATED] CALL 117469660443 → CONTACT 251062219925 sourceCall=71955122857 sourceRecord=52726952250 types=HUBSPOT_DEFINED:194
2026-09-26T18:32:01.110Z [ASSOCIATED] CALL 117469660443 → CONTACT 251069298307 sourceCall=71955122857 sourceRecord=52728831268 types=HUBSPOT_DEFINED:194
2026-09-26T18:32:01.110Z [ASSOCIATED] CALL 117469660443 → CONTACT 251058924607 sourceCall=71955122857 sourceRecord=52729310784 types=HUBSPOT_DEFINED:194
2026-09-26T18:32:01.110Z [ASSOCIATED] CALL 117469660443 → CONTACT 251061357633 sourceCall=71955122857 sourceRecord=52729701009 types=HUBSPOT_DEFINED:194
2026-09-26T18:32:01.110Z [ASSOCIATED] CALL 117469660443 → CONTACT 251059195216 sourceCall=71955122857 sourceRecord=63687143759 types=HUBSPOT_DEFINED:194
2026-09-26T18:32:01.110Z [ASSOCIATED] CALL 117469660443 → CONTACT 210089486749 sourceCall=71955122857 sourceRecord=65357474311 types=HUBSPOT_DEFINED:194
2026-09-26T18:32:01.110Z [ASSOCIATED] CALL 117469660443 → CONTACT 251066733372 sourceCall=71955122857 sourceRecord=70667487517 types=HUBSPOT_DEFINED:194
2026-09-26T18:32:01.110Z [ASSOCIATED] CALL 117469660443 → CONTACT 63454528 sourceCall=71955122857 sourceRecord=73197944922 types=HUBSPOT_DEFINED:194
2026-09-26T18:32:01.110Z [ASSOCIATED] CALL 117469660443 → CONTACT 251071075210 sourceCall=71955122857 sourceRecord=74379942708 types=HUBSPOT_DEFINED:194
2026-09-26T18:32:01.110Z [ASSOCIATED] CALL 117469660443 → CONTACT 251068908121 sourceCall=71955122857 sourceRecord=95216322857 types=HUBSPOT_DEFINED:194
2026-09-26T18:32:01.110Z [ASSOCIATED] CALL 117469660443 → CONTACT 251068399005 sourceCall=71955122857 sourceRecord=95309989216 types=HUBSPOT_DEFINED:194
2026-09-26T18:32:01.110Z [ASSOCIATED] CALL 117469660443 → CONTACT 251070508131 sourceCall=71955122857 sourceRecord=95543584009 types=HUBSPOT_DEFINED:194
2026-09-26T18:32:01.110Z [ASSOCIATED] CALL 117469660443 → CONTACT 251059590302 sourceCall=71955122857 sourceRecord=95595626668 types=HUBSPOT_DEFINED:194
2026-09-26T18:32:01.110Z [ASSOCIATED] CALL 117469660443 → CONTACT 99385140482 sourceCall=71955122857 sourceRecord=97614939466 types=HUBSPOT_DEFINED:194
2026-09-26T18:32:01.111Z [ASSOCIATED] CALL 117469660443 → CONTACT 251060022441 sourceCall=71955122857 sourceRecord=98630890657 types=HUBSPOT_DEFINED:194
2026-09-26T18:32:01.111Z [ASSOCIATED] CALL 117469660443 → CONTACT 251071589781 sourceCall=71955122857 sourceRecord=98992063633 types=HUBSPOT_DEFINED:194
2026-09-26T18:32:01.111Z [ASSOCIATED] CALL 117469660443 → CONTACT 251061845042 sourceCall=71955122857 sourceRecord=99487127316 types=HUBSPOT_DEFINED:194
2026-09-26T18:32:01.111Z [ASSOCIATED] CALL 117469660443 → CONTACT 251070291485 sourceCall=71955122857 sourceRecord=100448308801 types=HUBSPOT_DEFINED:194
2026-09-26T18:32:01.111Z [ASSOCIATED] CALL 117469660443 → CONTACT 251066525101 sourceCall=71955122857 sourceRecord=100482675483 types=HUBSPOT_DEFINED:194
2026-09-26T18:32:01.111Z [ASSOCIATED] CALL 117469660443 → CONTACT 251061409056 sourceCall=71955122857 sourceRecord=100650695753 types=HUBSPOT_DEFINED:194
2026-09-26T18:32:01.111Z [ASSOCIATED] CALL 117469660443 → CONTACT 251059733060 sourceCall=71955122857 sourceRecord=100679643934 types=HUBSPOT_DEFINED:194
2026-09-26T18:32:01.111Z [ASSOCIATED] CALL 117469660445 → CONTACT 251069078093 sourceCall=75219005238 sourceRecord=48477551365 types=HUBSPOT_DEFINED:194
2026-09-26T18:32:01.111Z [ASSOCIATED] CALL 117469660445 → CONTACT 251069654409 sourceCall=75219005238 sourceRecord=48479419715 types=HUBSPOT_DEFINED:194
2026-09-26T18:32:01.111Z [ASSOCIATED] CALL 117469660445 → CONTACT 251066284864 sourceCall=75219005238 sourceRecord=48479420547 types=HUBSPOT_DEFINED:194
2026-09-26T18:32:01.111Z [ASSOCIATED] CALL 117469660445 → CONTACT 251062340535 sourceCall=75219005238 sourceRecord=48479421194 types=HUBSPOT_DEFINED:194
2026-09-26T18:32:01.111Z [ASSOCIATED] CALL 117469660445 → CONTACT 251068865702 sourceCall=75219005238 sourceRecord=48493238700 types=HUBSPOT_DEFINED:194
2026-09-26T18:32:01.111Z [ASSOCIATED] CALL 117469660445 → CONTACT 38581577 sourceCall=75219005238 sourceRecord=48493516890 types=HUBSPOT_DEFINED:194
2026-09-26T18:32:01.111Z [ASSOCIATED] CALL 117469660445 → CONTACT 251070273704 sourceCall=75219005238 sourceRecord=48493881273 types=HUBSPOT_DEFINED:194
2026-09-26T18:32:01.111Z [ASSOCIATED] CALL 117469660445 → CONTACT 251066285099 sourceCall=75219005238 sourceRecord=48496737904 types=HUBSPOT_DEFINED:194
2026-09-26T18:32:01.111Z [ASSOCIATED] CALL 117469660445 → CONTACT 251069174170 sourceCall=75219005238 sourceRecord=48496967747 types=HUBSPOT_DEFINED:194
2026-09-26T18:32:01.111Z [ASSOCIATED] CALL 117469660445 → CONTACT 251068921506 sourceCall=75219005238 sourceRecord=48496998220 types=HUBSPOT_DEFINED:194
2026-09-26T18:32:01.111Z [ASSOCIATED] CALL 117469660445 → CONTACT 251059345009 sourceCall=75219005238 sourceRecord=52728470874 types=HUBSPOT_DEFINED:194
2026-09-26T18:32:01.111Z [ASSOCIATED] CALL 117469660445 → CONTACT 251070122056 sourceCall=75219005238 sourceRecord=52729284938 types=HUBSPOT_DEFINED:194
2026-09-26T18:32:01.111Z [ASSOCIATED] CALL 117469660445 → CONTACT 251068064650 sourceCall=75219005238 sourceRecord=52729410478 types=HUBSPOT_DEFINED:194
2026-09-26T18:32:01.111Z [ASSOCIATED] CALL 117469660445 → CONTACT 251066486701 sourceCall=75219005238 sourceRecord=56706340895 types=HUBSPOT_DEFINED:194
2026-09-26T18:32:01.111Z [ASSOCIATED] CALL 117469660445 → CONTACT 218500092540 sourceCall=75219005238 sourceRecord=58988950618 types=HUBSPOT_DEFINED:194
2026-09-26T18:32:01.111Z [ASSOCIATED] CALL 117469660445 → CONTACT 251062047522 sourceCall=75219005238 sourceRecord=72804009731 types=HUBSPOT_DEFINED:194
2026-09-26T18:32:01.111Z [ASSOCIATED] CALL 117469660445 → CONTACT 251061874084 sourceCall=75219005238 sourceRecord=89432947238 types=HUBSPOT_DEFINED:194
2026-09-26T18:32:01.111Z [ASSOCIATED] CALL 117469660445 → CONTACT 251070583191 sourceCall=75219005238 sourceRecord=92133064608 types=HUBSPOT_DEFINED:194
2026-09-26T18:32:01.111Z [ASSOCIATED] CALL 117469660445 → CONTACT 119923629183 sourceCall=75219005238 sourceRecord=93702586906 types=HUBSPOT_DEFINED:194
2026-09-26T18:32:01.111Z [ASSOCIATED] CALL 117469660445 → CONTACT 251068399005 sourceCall=75219005238 sourceRecord=95309989216 types=HUBSPOT_DEFINED:194
2026-09-26T18:32:01.111Z [ASSOCIATED] CALL 117469660445 → CONTACT 106252530991 sourceCall=75219005238 sourceRecord=97453810041 types=HUBSPOT_DEFINED:194
2026-09-26T18:32:01.111Z [ASSOCIATED] CALL 117469660445 → CONTACT 251061915546 sourceCall=75219005238 sourceRecord=97459828257 types=HUBSPOT_DEFINED:194
2026-09-26T18:32:01.111Z [ASSOCIATED] CALL 117469660445 → CONTACT 80618017123 sourceCall=75219005238 sourceRecord=97460067768 types=HUBSPOT_DEFINED:194
2026-09-26T18:32:01.112Z [ASSOCIATED] CALL 117469660445 → CONTACT 194439034706 sourceCall=75219005238 sourceRecord=103237280032 types=HUBSPOT_DEFINED:194
2026-09-26T18:32:01.112Z [ASSOCIATED] CALL 117469660445 → CONTACT 251068865715 sourceCall=75219005238 sourceRecord=104876527444 types=HUBSPOT_DEFINED:194
2026-09-26T18:32:01.112Z [ASSOCIATED] CALL 117469660445 → CONTACT 251059488028 sourceCall=75219005238 sourceRecord=104967251509 types=HUBSPOT_DEFINED:194
2026-09-26T18:32:01.112Z [ASSOCIATED] CALL 117469660445 → CONTACT 251059127706 sourceCall=75219005238 sourceRecord=107008626524 types=HUBSPOT_DEFINED:194
2026-09-26T18:32:01.112Z [ASSOCIATED] CALL 117469660444 → CONTACT 251062360895 sourceCall=77634518148 sourceRecord=38522264199 types=HUBSPOT_DEFINED:194
2026-09-26T18:32:01.112Z [ASSOCIATED] CALL 117469660444 → CONTACT 54271877 sourceCall=77634518148 sourceRecord=48480588121 types=HUBSPOT_DEFINED:194
2026-09-26T18:32:01.112Z [ASSOCIATED] CALL 117469660444 → CONTACT 251069820742 sourceCall=77634518148 sourceRecord=48493131562 types=HUBSPOT_DEFINED:194
2026-09-26T18:32:01.112Z [ASSOCIATED] CALL 117469660444 → CONTACT 251068865702 sourceCall=77634518148 sourceRecord=48493238700 types=HUBSPOT_DEFINED:194
2026-09-26T18:32:01.112Z [ASSOCIATED] CALL 117469660444 → CONTACT 251058032230 sourceCall=77634518148 sourceRecord=48493468493 types=HUBSPOT_DEFINED:194
2026-09-26T18:32:01.112Z [ASSOCIATED] CALL 117469660444 → CONTACT 251062282816 sourceCall=77634518148 sourceRecord=48493499210 types=HUBSPOT_DEFINED:194
2026-09-26T18:32:01.112Z [ASSOCIATED] CALL 117469660444 → CONTACT 251062230048 sourceCall=77634518148 sourceRecord=48493515053 types=HUBSPOT_DEFINED:194
2026-09-26T18:32:01.112Z [ASSOCIATED] CALL 117469660444 → CONTACT 121177730969 sourceCall=77634518148 sourceRecord=48493515600 types=HUBSPOT_DEFINED:194
2026-09-26T18:32:01.112Z [ASSOCIATED] CALL 117469660444 → CONTACT 251061151027 sourceCall=77634518148 sourceRecord=48496524658 types=HUBSPOT_DEFINED:194
2026-09-26T18:32:01.112Z [ASSOCIATED] CALL 117469660444 → CONTACT 251069205767 sourceCall=77634518148 sourceRecord=48496526416 types=HUBSPOT_DEFINED:194
2026-09-26T18:32:01.112Z [ASSOCIATED] CALL 117469660444 → CONTACT 251069179750 sourceCall=77634518148 sourceRecord=48496590864 types=HUBSPOT_DEFINED:194
2026-09-26T18:32:01.112Z [ASSOCIATED] CALL 117469660444 → CONTACT 251061677740 sourceCall=77634518148 sourceRecord=48496620311 types=HUBSPOT_DEFINED:194
2026-09-26T18:32:01.112Z [ASSOCIATED] CALL 117469660444 → CONTACT 251070552601 sourceCall=77634518148 sourceRecord=48496791634 types=HUBSPOT_DEFINED:194
2026-09-26T18:32:01.112Z [ASSOCIATED] CALL 117469660444 → CONTACT 251058116135 sourceCall=77634518148 sourceRecord=48496792713 types=HUBSPOT_DEFINED:194
2026-09-26T18:32:01.112Z [ASSOCIATED] CALL 117469660444 → CONTACT 251069197327 sourceCall=77634518148 sourceRecord=52726963808 types=HUBSPOT_DEFINED:194
2026-09-26T18:32:01.112Z [ASSOCIATED] CALL 117469660444 → CONTACT 251062320652 sourceCall=77634518148 sourceRecord=52728074847 types=HUBSPOT_DEFINED:194
2026-09-26T18:32:01.112Z [ASSOCIATED] CALL 117469660444 → CONTACT 251060393890 sourceCall=77634518148 sourceRecord=52729200297 types=HUBSPOT_DEFINED:194
2026-09-26T18:32:01.112Z [ASSOCIATED] CALL 117469660444 → CONTACT 251060170625 sourceCall=77634518148 sourceRecord=53959626836 types=HUBSPOT_DEFINED:194
2026-09-26T18:32:01.112Z [ASSOCIATED] CALL 117469660444 → CONTACT 251069896511 sourceCall=77634518148 sourceRecord=55153557606 types=HUBSPOT_DEFINED:194
2026-09-26T18:32:01.112Z [ASSOCIATED] CALL 117469660444 → CONTACT 251071151967 sourceCall=77634518148 sourceRecord=72847676973 types=HUBSPOT_DEFINED:194
2026-09-26T18:32:01.112Z [ASSOCIATED] CALL 117469660444 → CONTACT 251058474121 sourceCall=77634518148 sourceRecord=72897295939 types=HUBSPOT_DEFINED:194
2026-09-26T18:32:01.112Z [ASSOCIATED] CALL 117469660444 → CONTACT 251059669938 sourceCall=77634518148 sourceRecord=72902488969 types=HUBSPOT_DEFINED:194
2026-09-26T18:32:01.112Z [ASSOCIATED] CALL 117469660444 → CONTACT 251059873120 sourceCall=77634518148 sourceRecord=74962483980 types=HUBSPOT_DEFINED:194
2026-09-26T18:32:01.113Z [ASSOCIATED] CALL 117469660444 → CONTACT 251061875120 sourceCall=77634518148 sourceRecord=89385989173 types=HUBSPOT_DEFINED:194
2026-09-26T18:32:01.113Z [ASSOCIATED] CALL 117469660444 → CONTACT 251058032302 sourceCall=77634518148 sourceRecord=94943623003 types=HUBSPOT_DEFINED:194
2026-09-26T18:32:01.113Z [ASSOCIATED] CALL 117469660444 → CONTACT 251068908121 sourceCall=77634518148 sourceRecord=95216322857 types=HUBSPOT_DEFINED:194
2026-09-26T18:32:01.113Z [ASSOCIATED] CALL 117469660444 → CONTACT 251070508131 sourceCall=77634518148 sourceRecord=95543584009 types=HUBSPOT_DEFINED:194
2026-09-26T18:32:01.113Z [ASSOCIATED] CALL 117469660444 → CONTACT 251062237035 sourceCall=77634518148 sourceRecord=97423923105 types=HUBSPOT_DEFINED:194
2026-09-26T18:32:01.113Z [ASSOCIATED] CALL 117469660444 → CONTACT 251071508339 sourceCall=77634518148 sourceRecord=97453547867 types=HUBSPOT_DEFINED:194
2026-09-26T18:32:01.113Z [ASSOCIATED] CALL 117469660444 → CONTACT 106252530991 sourceCall=77634518148 sourceRecord=97453810041 types=HUBSPOT_DEFINED:194
2026-09-26T18:32:01.113Z [ASSOCIATED] CALL 117469660444 → CONTACT 103916552549 sourceCall=77634518148 sourceRecord=97454215701 types=HUBSPOT_DEFINED:194
2026-09-26T18:32:01.113Z [ASSOCIATED] CALL 117469660444 → CONTACT 250994361268 sourceCall=77634518148 sourceRecord=97455922461 types=HUBSPOT_DEFINED:194
2026-09-26T18:32:01.113Z [ASSOCIATED] CALL 117469660444 → CONTACT 80618017123 sourceCall=77634518148 sourceRecord=97460067768 types=HUBSPOT_DEFINED:194
2026-09-26T18:32:01.113Z [ASSOCIATED] CALL 117469660444 → CONTACT 251061904823 sourceCall=77634518148 sourceRecord=103236720310 types=HUBSPOT_DEFINED:194
2026-09-26T18:32:01.113Z [ASSOCIATED] CALL 117469660444 → CONTACT 194439034706 sourceCall=77634518148 sourceRecord=103237280032 types=HUBSPOT_DEFINED:194
2026-09-26T18:32:01.113Z [ASSOCIATED] CALL 117469660444 → CONTACT 251068819616 sourceCall=77634518148 sourceRecord=106979611656 types=HUBSPOT_DEFINED:194
2026-09-26T18:32:01.113Z [ASSOCIATED] CALL 117469660444 → CONTACT 250994361360 sourceCall=77634518148 sourceRecord=107175661184 types=HUBSPOT_DEFINED:194
2026-09-26T18:32:01.113Z [ASSOCIATED] CALL 117469660444 → CONTACT 251060035439 sourceCall=77634518148 sourceRecord=113964386486 types=HUBSPOT_DEFINED:194
2026-09-26T18:32:01.113Z [ASSOCIATED] CALL 117469660444 → CONTACT 251059517273 sourceCall=77634518148 sourceRecord=114041994065 types=HUBSPOT_DEFINED:194
2026-09-26T18:32:01.113Z [ASSOCIATED] CALL 117469660444 → CONTACT 251070300977 sourceCall=77634518148 sourceRecord=114177116337 types=HUBSPOT_DEFINED:194
2026-09-26T18:32:01.113Z [ASSOCIATED] CALL 117469660437 → CONTACT 251058462275 sourceCall=88691867916 sourceRecord=34389390710 types=HUBSPOT_DEFINED:194
2026-09-26T18:32:01.113Z [ASSOCIATED] CALL 117469660437 → CONTACT 251062361780 sourceCall=88691867916 sourceRecord=48477775147 types=HUBSPOT_DEFINED:194
2026-09-26T18:32:01.113Z [ASSOCIATED] CALL 117469660437 → CONTACT 89306297522 sourceCall=88691867916 sourceRecord=48496556117 types=HUBSPOT_DEFINED:194
2026-09-26T18:32:01.113Z [ASSOCIATED] CALL 117469660437 → CONTACT 251061301636 sourceCall=88691867916 sourceRecord=48496670217 types=HUBSPOT_DEFINED:194
2026-09-26T18:32:01.113Z [ASSOCIATED] CALL 117469660437 → CONTACT 251071402272 sourceCall=88691867916 sourceRecord=48497049894 types=HUBSPOT_DEFINED:194
2026-09-26T18:32:01.113Z [ASSOCIATED] CALL 117469660437 → CONTACT 251070480990 sourceCall=88691867916 sourceRecord=48498348851 types=HUBSPOT_DEFINED:194
2026-09-26T18:32:01.113Z [ASSOCIATED] CALL 117469660437 → CONTACT 251059345009 sourceCall=88691867916 sourceRecord=52728470874 types=HUBSPOT_DEFINED:194
2026-09-26T18:32:01.113Z [ASSOCIATED] CALL 117469660437 → CONTACT 251068064650 sourceCall=88691867916 sourceRecord=52729410478 types=HUBSPOT_DEFINED:194
2026-09-26T18:32:01.113Z [ASSOCIATED] CALL 117469660437 → CONTACT 251059845740 sourceCall=88691867916 sourceRecord=55158092473 types=HUBSPOT_DEFINED:194
2026-09-26T18:32:01.113Z [ASSOCIATED] CALL 117469660437 → CONTACT 251061028513 sourceCall=88691867916 sourceRecord=58989897476 types=HUBSPOT_DEFINED:194
2026-09-26T18:32:01.113Z [ASSOCIATED] CALL 117469660437 → CONTACT 251071132950 sourceCall=88691867916 sourceRecord=58997203113 types=HUBSPOT_DEFINED:194
2026-09-26T18:32:01.113Z [ASSOCIATED] CALL 117469660437 → CONTACT 251070300977 sourceCall=88691867916 sourceRecord=114177116337 types=HUBSPOT_DEFINED:194
2026-09-26T18:32:01.114Z [ASSOCIATED] CALL 117469660437 → CONTACT 251069224025 sourceCall=88691867916 sourceRecord=128296499863 types=HUBSPOT_DEFINED:194
2026-09-26T18:32:01.114Z [ASSOCIATED] CALL 117469660437 → CONTACT 212825583700 sourceCall=88691867916 sourceRecord=152980231214 types=HUBSPOT_DEFINED:194
2026-09-26T18:32:01.114Z [ASSOCIATED] CALL 117469660437 → CONTACT 251069790868 sourceCall=88691867916 sourceRecord=155541908134 types=HUBSPOT_DEFINED:194
2026-09-26T18:32:01.114Z [ASSOCIATED] CALL 117469660438 → CONTACT 251058744194 sourceCall=89454335639 sourceRecord=48428603187 types=HUBSPOT_DEFINED:194
2026-09-26T18:32:01.114Z [ASSOCIATED] CALL 117469660438 → CONTACT 251069486128 sourceCall=89454335639 sourceRecord=48477551462 types=HUBSPOT_DEFINED:194
2026-09-26T18:32:01.114Z [ASSOCIATED] CALL 117469660438 → CONTACT 251059496000 sourceCall=89454335639 sourceRecord=48477772862 types=HUBSPOT_DEFINED:194
2026-09-26T18:32:01.114Z [ASSOCIATED] CALL 117469660438 → CONTACT 251070035599 sourceCall=89454335639 sourceRecord=48479404588 types=HUBSPOT_DEFINED:194
2026-09-26T18:32:01.114Z [ASSOCIATED] CALL 117469660438 → CONTACT 251070317332 sourceCall=89454335639 sourceRecord=48479741334 types=HUBSPOT_DEFINED:194
2026-09-26T18:32:01.114Z [ASSOCIATED] CALL 117469660438 → CONTACT 251070264866 sourceCall=89454335639 sourceRecord=48493207859 types=HUBSPOT_DEFINED:194
2026-09-26T18:32:01.114Z [ASSOCIATED] CALL 117469660438 → CONTACT 251062340162 sourceCall=89454335639 sourceRecord=48493238447 types=HUBSPOT_DEFINED:194
2026-09-26T18:32:01.114Z [ASSOCIATED] CALL 117469660438 → CONTACT 251059745432 sourceCall=89454335639 sourceRecord=48493433118 types=HUBSPOT_DEFINED:194
2026-09-26T18:32:01.114Z [ASSOCIATED] CALL 117469660438 → CONTACT 251068921610 sourceCall=89454335639 sourceRecord=48493485637 types=HUBSPOT_DEFINED:194
2026-09-26T18:32:01.114Z [ASSOCIATED] CALL 117469660438 → CONTACT 251060161368 sourceCall=89454335639 sourceRecord=48494504727 types=HUBSPOT_DEFINED:194
2026-09-26T18:32:01.114Z [ASSOCIATED] CALL 117469660438 → CONTACT 251069849871 sourceCall=89454335639 sourceRecord=48496526451 types=HUBSPOT_DEFINED:194
2026-09-26T18:32:01.114Z [ASSOCIATED] CALL 117469660438 → CONTACT 251070083381 sourceCall=89454335639 sourceRecord=48497668785 types=HUBSPOT_DEFINED:194
2026-09-26T18:32:01.114Z [ASSOCIATED] CALL 117469660438 → CONTACT 46139496 sourceCall=89454335639 sourceRecord=48498893909 types=HUBSPOT_DEFINED:194
2026-09-26T18:32:01.114Z [ASSOCIATED] CALL 117469660438 → CONTACT 113445769046 sourceCall=89454335639 sourceRecord=48701937567 types=HUBSPOT_DEFINED:194
2026-09-26T18:32:01.114Z [ASSOCIATED] CALL 117469660438 → CONTACT 251067907668 sourceCall=89454335639 sourceRecord=51125011033 types=HUBSPOT_DEFINED:194
2026-09-26T18:32:01.114Z [ASSOCIATED] CALL 117469660438 → CONTACT 42637927 sourceCall=89454335639 sourceRecord=51224842873 types=HUBSPOT_DEFINED:194
2026-09-26T18:32:01.114Z [ASSOCIATED] CALL 117469660438 → CONTACT 251071057757 sourceCall=89454335639 sourceRecord=52723284038 types=HUBSPOT_DEFINED:194
2026-09-26T18:32:01.114Z [ASSOCIATED] CALL 117469660438 → CONTACT 251071150979 sourceCall=89454335639 sourceRecord=52723284060 types=HUBSPOT_DEFINED:194
2026-09-26T18:32:01.114Z [ASSOCIATED] CALL 117469660438 → CONTACT 251061418060 sourceCall=89454335639 sourceRecord=52723608164 types=HUBSPOT_DEFINED:194
2026-09-26T18:32:01.114Z [ASSOCIATED] CALL 117469660438 → CONTACT 251069530495 sourceCall=89454335639 sourceRecord=52725697685 types=HUBSPOT_DEFINED:194
2026-09-26T18:32:01.114Z [ASSOCIATED] CALL 117469660438 → CONTACT 251062218048 sourceCall=89454335639 sourceRecord=52726860161 types=HUBSPOT_DEFINED:194
2026-09-26T18:32:01.114Z [ASSOCIATED] CALL 117469660438 → CONTACT 251060394248 sourceCall=89454335639 sourceRecord=52729310629 types=HUBSPOT_DEFINED:194
2026-09-26T18:32:01.114Z [ASSOCIATED] CALL 117469660438 → CONTACT 251058286969 sourceCall=89454335639 sourceRecord=58996409755 types=HUBSPOT_DEFINED:194
2026-09-26T18:32:01.114Z [ASSOCIATED] CALL 117469660438 → CONTACT 251061356859 sourceCall=89454335639 sourceRecord=73202424228 types=HUBSPOT_DEFINED:194
2026-09-26T18:32:01.114Z [ASSOCIATED] CALL 117469660438 → CONTACT 251068846929 sourceCall=89454335639 sourceRecord=89432064057 types=HUBSPOT_DEFINED:194
2026-09-26T18:32:01.114Z [ASSOCIATED] CALL 117469660438 → CONTACT 251070346025 sourceCall=89454335639 sourceRecord=93472129888 types=HUBSPOT_DEFINED:194
2026-09-26T18:32:01.114Z [ASSOCIATED] CALL 117469660438 → CONTACT 251060400514 sourceCall=89454335639 sourceRecord=97453290854 types=HUBSPOT_DEFINED:194
2026-09-26T18:32:01.115Z [ASSOCIATED] CALL 117469660438 → CONTACT 251059571782 sourceCall=89454335639 sourceRecord=102398729589 types=HUBSPOT_DEFINED:194
2026-09-26T18:32:01.115Z [ASSOCIATED] CALL 117469660438 → CONTACT 251061090829 sourceCall=89454335639 sourceRecord=104246666097 types=HUBSPOT_DEFINED:194
2026-09-26T18:32:01.115Z [ASSOCIATED] CALL 117469660438 → CONTACT 251060411523 sourceCall=89454335639 sourceRecord=106460483140 types=HUBSPOT_DEFINED:194
2026-09-26T18:32:01.115Z [ASSOCIATED] CALL 117469660438 → CONTACT 251060402849 sourceCall=89454335639 sourceRecord=107596632989 types=HUBSPOT_DEFINED:194
2026-09-26T18:32:01.115Z [ASSOCIATED] CALL 117469660438 → CONTACT 17628057641 sourceCall=89454335639 sourceRecord=107614174497 types=HUBSPOT_DEFINED:194
2026-09-26T18:32:01.115Z [ASSOCIATED] CALL 117469660438 → CONTACT 251070582324 sourceCall=89454335639 sourceRecord=141858592604 types=HUBSPOT_DEFINED:194
2026-09-26T18:32:01.115Z [ASSOCIATED] CALL 117469660438 → CONTACT 251069262611 sourceCall=89454335639 sourceRecord=141861654821 types=HUBSPOT_DEFINED:194
2026-09-26T18:32:01.115Z [ASSOCIATED] CALL 117469660438 → CONTACT 251062542402 sourceCall=89454335639 sourceRecord=141869090645 types=HUBSPOT_DEFINED:194
2026-09-26T18:32:01.115Z [ASSOCIATED] CALL 117469660438 → CONTACT 251059435811 sourceCall=89454335639 sourceRecord=150823185276 types=HUBSPOT_DEFINED:194
2026-09-26T18:32:01.115Z [ASSOCIATED] CALL 117469660438 → CONTACT 251071113823 sourceCall=89454335639 sourceRecord=151107023362 types=HUBSPOT_DEFINED:194
2026-09-26T18:32:01.115Z [ASSOCIATED] CALL 117469660438 → CONTACT 251068250407 sourceCall=89454335639 sourceRecord=152642824096 types=HUBSPOT_DEFINED:194
2026-09-26T18:32:01.115Z [ASSOCIATED] CALL 117469660438 → CONTACT 251070026583 sourceCall=89454335639 sourceRecord=152661955347 types=HUBSPOT_DEFINED:194
2026-09-26T18:32:01.115Z [ASSOCIATED] CALL 117469660438 → CONTACT 251070583589 sourceCall=89454335639 sourceRecord=152667168078 types=HUBSPOT_DEFINED:194
2026-09-26T18:32:01.115Z [ASSOCIATED] CALL 117469660438 → CONTACT 251059094356 sourceCall=89454335639 sourceRecord=152802519713 types=HUBSPOT_DEFINED:194
2026-09-26T18:32:01.115Z [ASSOCIATED] CALL 117469660438 → CONTACT 251068837174 sourceCall=89454335639 sourceRecord=153818309690 types=HUBSPOT_DEFINED:194
2026-09-26T18:32:01.115Z [ASSOCIATED] CALL 117469660438 → CONTACT 251059094588 sourceCall=89454335639 sourceRecord=153952597432 types=HUBSPOT_DEFINED:194
2026-09-26T18:32:01.115Z [ASSOCIATED] CALL 117469660438 → CONTACT 251070043650 sourceCall=89454335639 sourceRecord=153962810721 types=HUBSPOT_DEFINED:194
2026-09-26T18:32:01.115Z [ASSOCIATED] CALL 117469660438 → CONTACT 251058615478 sourceCall=89454335639 sourceRecord=154376485424 types=HUBSPOT_DEFINED:194
2026-09-26T18:32:01.115Z [ASSOCIATED] CALL 117469660438 → CONTACT 251059613611 sourceCall=89454335639 sourceRecord=154393887804 types=HUBSPOT_DEFINED:194
2026-09-26T18:32:01.115Z [ASSOCIATED] CALL 117469660438 → CONTACT 251068586289 sourceCall=89454335639 sourceRecord=154521158559 types=HUBSPOT_DEFINED:194
2026-09-26T18:32:01.115Z [ASSOCIATED] CALL 117469660438 → CONTACT 251070110865 sourceCall=89454335639 sourceRecord=154523607985 types=HUBSPOT_DEFINED:194
2026-09-26T18:32:01.115Z [ASSOCIATED] CALL 117469660438 → CONTACT 251070573726 sourceCall=89454335639 sourceRecord=154527008332 types=HUBSPOT_DEFINED:194
2026-09-26T18:32:01.116Z [ASSOCIATED] CALL 117469660438 → CONTACT 251061895956 sourceCall=89454335639 sourceRecord=154576356204 types=HUBSPOT_DEFINED:194
2026-09-26T18:32:01.116Z [ASSOCIATED] CALL 117469660438 → CONTACT 52575677 sourceCall=89454335639 sourceRecord=154633974619 types=HUBSPOT_DEFINED:194
2026-09-26T18:32:01.116Z [ASSOCIATED] CALL 117469660438 → CONTACT 251059381670 sourceCall=89454335639 sourceRecord=154649730461 types=HUBSPOT_DEFINED:194
2026-09-26T18:32:01.116Z [ASSOCIATED] CALL 117469660438 → CONTACT 251059517224 sourceCall=89454335639 sourceRecord=154784422403 types=HUBSPOT_DEFINED:194
2026-09-26T18:32:01.116Z [ASSOCIATED] CALL 117469660438 → CONTACT 251061127853 sourceCall=89454335639 sourceRecord=154791442243 types=HUBSPOT_DEFINED:194
2026-09-26T18:32:01.116Z [ASSOCIATED] CALL 117469660438 → CONTACT 250994368841 sourceCall=89454335639 sourceRecord=154793385563 types=HUBSPOT_DEFINED:194
2026-09-26T18:32:01.116Z [ASSOCIATED] CALL 117469660438 → CONTACT 251061027716 sourceCall=89454335639 sourceRecord=154795835206 types=HUBSPOT_DEFINED:194
2026-09-26T18:32:01.117Z [ASSOCIATED] CALL 117469660438 → CONTACT 251070603931 sourceCall=89454335639 sourceRecord=154872327812 types=HUBSPOT_DEFINED:194
2026-09-26T18:32:01.117Z [ASSOCIATED] CALL 117469660438 → CONTACT 251070536031 sourceCall=89454335639 sourceRecord=154876809630 types=HUBSPOT_DEFINED:194
2026-09-26T18:32:01.117Z [ASSOCIATED] CALL 117469660438 → CONTACT 251058483286 sourceCall=89454335639 sourceRecord=154878167164 types=HUBSPOT_DEFINED:194
2026-09-26T18:32:01.117Z [ASSOCIATED] CALL 117469660438 → CONTACT 251069251990 sourceCall=89454335639 sourceRecord=155322199647 types=HUBSPOT_DEFINED:194
2026-09-26T18:32:01.117Z [ASSOCIATED] CALL 117469660438 → CONTACT 208572088320 sourceCall=89454335639 sourceRecord=155451337343 types=HUBSPOT_DEFINED:194
2026-09-26T18:32:01.117Z [ASSOCIATED] CALL 117469660438 → CONTACT 251068947315 sourceCall=89454335639 sourceRecord=155487710828 types=HUBSPOT_DEFINED:194
2026-09-26T18:32:01.117Z [ASSOCIATED] CALL 117469660438 → CONTACT 251066733094 sourceCall=89454335639 sourceRecord=155819264567 types=HUBSPOT_DEFINED:194
2026-09-26T18:32:01.117Z [ASSOCIATED] CALL 117469660438 → CONTACT 251010479123 sourceCall=89454335639 sourceRecord=155970908802 types=HUBSPOT_DEFINED:194
2026-09-26T18:32:01.117Z [ASSOCIATED] CALL 117469660438 → CONTACT 251067794518 sourceCall=89454335639 sourceRecord=156144745480 types=HUBSPOT_DEFINED:194
2026-09-26T18:32:01.117Z [ASSOCIATED] CALL 117469660438 → CONTACT 251059175326 sourceCall=89454335639 sourceRecord=156195805311 types=HUBSPOT_DEFINED:194
2026-09-26T18:32:01.117Z [ASSOCIATED] CALL 117469660438 → CONTACT 251070561859 sourceCall=89454335639 sourceRecord=156382520926 types=HUBSPOT_DEFINED:194
2026-09-26T18:32:01.117Z [ASSOCIATED] CALL 117469660438 → CONTACT 251061179979 sourceCall=89454335639 sourceRecord=156653557663 types=HUBSPOT_DEFINED:194
2026-09-26T18:32:01.117Z [ASSOCIATED] CALL 117469660438 → CONTACT 251070044468 sourceCall=89454335639 sourceRecord=156786474007 types=HUBSPOT_DEFINED:194
2026-09-26T18:32:01.117Z [ASSOCIATED] CALL 117469660438 → CONTACT 251059731218 sourceCall=89454335639 sourceRecord=157337625112 types=HUBSPOT_DEFINED:194
2026-09-26T18:32:01.117Z [ASSOCIATED] CALL 117469660438 → CONTACT 251059844693 sourceCall=89454335639 sourceRecord=157338941546 types=HUBSPOT_DEFINED:194
2026-09-26T18:32:01.117Z [ASSOCIATED] CALL 117469660438 → CONTACT 251069098305 sourceCall=89454335639 sourceRecord=157345875035 types=HUBSPOT_DEFINED:194
2026-09-26T18:32:01.117Z [ASSOCIATED] CALL 117469660438 → CONTACT 251062339914 sourceCall=89454335639 sourceRecord=157568806974 types=HUBSPOT_DEFINED:194
2026-09-26T18:32:01.117Z [ASSOCIATED] CALL 117469660438 → CONTACT 251062396977 sourceCall=89454335639 sourceRecord=157840160136 types=HUBSPOT_DEFINED:194
2026-09-26T18:32:01.117Z [ASSOCIATED] CALL 117469660446 → CONTACT 251068074587 sourceCall=90746256263 sourceRecord=103236574040 types=HUBSPOT_DEFINED:194
2026-09-26T18:32:01.117Z [COMPANY_MAPPING_NOT_FOUND] No unique destination companies with tm_company_record_id=22413410817 sourceCallId=55355744160 destinationCallId=117469607498 associatedSourceRecordId=22413410817
2026-09-26T18:32:01.118Z [COMPANY_MAPPING_NOT_FOUND] No unique destination companies with tm_company_record_id=22413410817 sourceCallId=55357424687 destinationCallId=117469660439 associatedSourceRecordId=22413410817
2026-09-26T18:32:01.118Z [COMPANY_MAPPING_NOT_FOUND] No unique destination companies with tm_company_record_id=22506130258 sourceCallId=55357424687 destinationCallId=117469660439 associatedSourceRecordId=22506130258
2026-09-26T18:32:01.118Z [COMPANY_MAPPING_NOT_FOUND] No unique destination companies with tm_company_record_id=22413410817 sourceCallId=55357534092 destinationCallId=117469660442 associatedSourceRecordId=22413410817
2026-09-26T18:32:01.118Z [COMPANY_MAPPING_NOT_FOUND] No unique destination companies with tm_company_record_id=22506026905 sourceCallId=55357534092 destinationCallId=117469660442 associatedSourceRecordId=22506026905
2026-09-26T18:32:01.118Z [COMPANY_MAPPING_NOT_FOUND] No unique destination companies with tm_company_record_id=22413410817 sourceCallId=55358554459 destinationCallId=117469660440 associatedSourceRecordId=22413410817
2026-09-26T18:32:01.118Z [COMPANY_MAPPING_NOT_FOUND] No unique destination companies with tm_company_record_id=22506013004 sourceCallId=71955122857 destinationCallId=117469660443 associatedSourceRecordId=22506013004
2026-09-26T18:32:01.118Z [COMPANY_MAPPING_NOT_FOUND] No unique destination companies with tm_company_record_id=22506159711 sourceCallId=71955122857 destinationCallId=117469660443 associatedSourceRecordId=22506159711
2026-09-26T18:32:01.118Z [COMPANY_MAPPING_NOT_FOUND] No unique destination companies with tm_company_record_id=22506013004 sourceCallId=75219005238 destinationCallId=117469660445 associatedSourceRecordId=22506013004
2026-09-26T18:32:01.118Z [COMPANY_MAPPING_NOT_FOUND] No unique destination companies with tm_company_record_id=22413101997 sourceCallId=77634518148 destinationCallId=117469660444 associatedSourceRecordId=22413101997
2026-09-26T18:32:01.118Z [COMPANY_MAPPING_NOT_FOUND] No unique destination companies with tm_company_record_id=22413418049 sourceCallId=77634518148 destinationCallId=117469660444 associatedSourceRecordId=22413418049
2026-09-26T18:32:01.118Z [COMPANY_MAPPING_NOT_FOUND] No unique destination companies with tm_company_record_id=22505723417 sourceCallId=77634518148 destinationCallId=117469660444 associatedSourceRecordId=22505723417
2026-09-26T18:32:01.118Z [COMPANY_MAPPING_NOT_FOUND] No unique destination companies with tm_company_record_id=22505785695 sourceCallId=77634518148 destinationCallId=117469660444 associatedSourceRecordId=22505785695
2026-09-26T18:32:01.118Z [COMPANY_MAPPING_NOT_FOUND] No unique destination companies with tm_company_record_id=22412950649 sourceCallId=89454335639 destinationCallId=117469660438 associatedSourceRecordId=22412950649
2026-09-26T18:32:02.864Z [ASSOCIATED] CALL 117469660439 → COMPANY 58587846565 sourceCall=55357424687 sourceRecord=22412986385 types=HUBSPOT_DEFINED:182
2026-09-26T18:32:02.865Z [ASSOCIATED] CALL 117469660449 → COMPANY 58567566376 sourceCall=61945630630 sourceRecord=22413183009 types=HUBSPOT_DEFINED:182
2026-09-26T18:32:02.865Z [ASSOCIATED] CALL 117469660449 → COMPANY 58569239613 sourceCall=61945630630 sourceRecord=22413382195 types=HUBSPOT_DEFINED:182
2026-09-26T18:32:02.865Z [ASSOCIATED] CALL 117469660449 → COMPANY 58584596751 sourceCall=61945630630 sourceRecord=22413541814 types=HUBSPOT_DEFINED:182
2026-09-26T18:32:02.865Z [ASSOCIATED] CALL 117469660449 → COMPANY 58587700083 sourceCall=61945630630 sourceRecord=22506017055 types=HUBSPOT_DEFINED:182
2026-09-26T18:32:02.865Z [ASSOCIATED] CALL 117469660447 → COMPANY 58587700083 sourceCall=63002874713 sourceRecord=22506017055 types=HUBSPOT_DEFINED:182
2026-09-26T18:32:02.865Z [ASSOCIATED] CALL 117469660447 → COMPANY 58566257251 sourceCall=63002874713 sourceRecord=22506120988 types=HUBSPOT_DEFINED:182
2026-09-26T18:32:02.865Z [ASSOCIATED] CALL 117469660443 → COMPANY 58604350609 sourceCall=71955122857 sourceRecord=22413345156 types=HUBSPOT_DEFINED:182
2026-09-26T18:32:02.865Z [ASSOCIATED] CALL 117469660443 → COMPANY 58584596751 sourceCall=71955122857 sourceRecord=22413541814 types=HUBSPOT_DEFINED:182
2026-09-26T18:32:02.865Z [ASSOCIATED] CALL 117469660445 → COMPANY 22859997332 sourceCall=75219005238 sourceRecord=22505830686 types=HUBSPOT_DEFINED:182
2026-09-26T18:32:02.865Z [ASSOCIATED] CALL 117469660445 → COMPANY 58574063196 sourceCall=75219005238 sourceRecord=22506015896 types=HUBSPOT_DEFINED:182
2026-09-26T18:32:02.865Z [ASSOCIATED] CALL 117469660444 → COMPANY 58569239617 sourceCall=77634518148 sourceRecord=22506021257 types=HUBSPOT_DEFINED:182
2026-09-26T18:32:02.865Z [ASSOCIATED] CALL 117469660444 → COMPANY 58557858701 sourceCall=77634518148 sourceRecord=22506046064 types=HUBSPOT_DEFINED:182
2026-09-26T18:32:02.865Z [ASSOCIATED] CALL 117469660437 → COMPANY 58576514087 sourceCall=88691867916 sourceRecord=22506167558 types=HUBSPOT_DEFINED:182
2026-09-26T18:32:02.866Z [PROPERTY_SKIPPED] sourceCall=55355744160 properties=hs_all_owner_ids:PROPERTY_EXCLUDED,hs_body_preview:PROPERTY_NOT_WRITABLE,hs_body_preview_html:PROPERTY_NOT_WRITABLE,hs_body_preview_is_truncated:PROPERTY_NOT_WRITABLE,hs_call_authed_url_provider:PROPERTY_NOT_WRITABLE,hs_call_source:PROPERTY_EXCLUDED,hs_call_video_meeting_type:PROPERTY_NOT_WRITABLE,hs_connected_count:PROPERTY_NOT_WRITABLE,hs_created_by:PROPERTY_EXCLUDED,hs_createdate:PROPERTY_EXCLUDED,hs_engagements_last_contacted:PROPERTY_NOT_WRITABLE,hs_has_call_notes:PROPERTY_NOT_WRITABLE,hs_lastmodifieddate:PROPERTY_EXCLUDED,hs_obj_coords:PROPERTY_NOT_WRITABLE,hs_object_id:PROPERTY_EXCLUDED,hs_object_source:PROPERTY_EXCLUDED,hs_object_source_detail_1:PROPERTY_EXCLUDED,hs_object_source_id:PROPERTY_EXCLUDED,hs_object_source_label:PROPERTY_EXCLUDED,hs_user_ids_of_all_owners:PROPERTY_EXCLUDED,hs_voicemail_count:PROPERTY_NOT_WRITABLE,hubspot_owner_assigneddate:PROPERTY_NOT_WRITABLE,hubspot_owner_id:OWNER_UNASSIGNED
2026-09-26T18:32:02.866Z [UNCHANGED] sourceCall=55355744160 destinationCall=117469607498 owner=1319846492→- contacts=0 companies=0 deals=0
2026-09-26T18:32:02.866Z [PROPERTY_SKIPPED] sourceCall=55357424687 properties=hs_all_owner_ids:PROPERTY_EXCLUDED,hs_body_preview:PROPERTY_NOT_WRITABLE,hs_body_preview_html:PROPERTY_NOT_WRITABLE,hs_body_preview_is_truncated:PROPERTY_NOT_WRITABLE,hs_call_authed_url_provider:PROPERTY_NOT_WRITABLE,hs_call_source:PROPERTY_EXCLUDED,hs_call_video_meeting_type:PROPERTY_NOT_WRITABLE,hs_connected_count:PROPERTY_NOT_WRITABLE,hs_created_by:PROPERTY_EXCLUDED,hs_createdate:PROPERTY_EXCLUDED,hs_engagements_last_contacted:PROPERTY_NOT_WRITABLE,hs_has_call_notes:PROPERTY_NOT_WRITABLE,hs_lastmodifieddate:PROPERTY_EXCLUDED,hs_obj_coords:PROPERTY_NOT_WRITABLE,hs_object_id:PROPERTY_EXCLUDED,hs_object_source:PROPERTY_EXCLUDED,hs_object_source_detail_1:PROPERTY_EXCLUDED,hs_object_source_id:PROPERTY_EXCLUDED,hs_object_source_label:PROPERTY_EXCLUDED,hs_user_ids_of_all_owners:PROPERTY_EXCLUDED,hs_voicemail_count:PROPERTY_NOT_WRITABLE,hubspot_owner_assigneddate:PROPERTY_NOT_WRITABLE,hubspot_owner_id:OWNER_UNASSIGNED
2026-09-26T18:32:02.867Z [CREATED] sourceCall=55357424687 destinationCall=117469660439 owner=1319846492→- contacts=3 companies=1 deals=0
2026-09-26T18:32:02.867Z [PROPERTY_SKIPPED] sourceCall=55357534092 properties=hs_all_owner_ids:PROPERTY_EXCLUDED,hs_body_preview:PROPERTY_NOT_WRITABLE,hs_body_preview_html:PROPERTY_NOT_WRITABLE,hs_body_preview_is_truncated:PROPERTY_NOT_WRITABLE,hs_call_authed_url_provider:PROPERTY_NOT_WRITABLE,hs_call_source:PROPERTY_EXCLUDED,hs_call_video_meeting_type:PROPERTY_NOT_WRITABLE,hs_connected_count:PROPERTY_NOT_WRITABLE,hs_created_by:PROPERTY_EXCLUDED,hs_createdate:PROPERTY_EXCLUDED,hs_engagements_last_contacted:PROPERTY_NOT_WRITABLE,hs_has_call_notes:PROPERTY_NOT_WRITABLE,hs_lastmodifieddate:PROPERTY_EXCLUDED,hs_obj_coords:PROPERTY_NOT_WRITABLE,hs_object_id:PROPERTY_EXCLUDED,hs_object_source:PROPERTY_EXCLUDED,hs_object_source_detail_1:PROPERTY_EXCLUDED,hs_object_source_id:PROPERTY_EXCLUDED,hs_object_source_label:PROPERTY_EXCLUDED,hs_user_ids_of_all_owners:PROPERTY_EXCLUDED,hs_voicemail_count:PROPERTY_NOT_WRITABLE,hubspot_owner_assigneddate:PROPERTY_NOT_WRITABLE,hubspot_owner_id:OWNER_UNASSIGNED
2026-09-26T18:32:02.867Z [CREATED] sourceCall=55357534092 destinationCall=117469660442 owner=1319846492→- contacts=4 companies=0 deals=0
2026-09-26T18:32:02.867Z [PROPERTY_SKIPPED] sourceCall=55358554459 properties=hs_all_owner_ids:PROPERTY_EXCLUDED,hs_body_preview:PROPERTY_NOT_WRITABLE,hs_body_preview_html:PROPERTY_NOT_WRITABLE,hs_body_preview_is_truncated:PROPERTY_NOT_WRITABLE,hs_call_authed_url_provider:PROPERTY_NOT_WRITABLE,hs_call_source:PROPERTY_EXCLUDED,hs_call_video_meeting_type:PROPERTY_NOT_WRITABLE,hs_connected_count:PROPERTY_NOT_WRITABLE,hs_created_by:PROPERTY_EXCLUDED,hs_createdate:PROPERTY_EXCLUDED,hs_engagements_last_contacted:PROPERTY_NOT_WRITABLE,hs_has_call_notes:PROPERTY_NOT_WRITABLE,hs_lastmodifieddate:PROPERTY_EXCLUDED,hs_obj_coords:PROPERTY_NOT_WRITABLE,hs_object_id:PROPERTY_EXCLUDED,hs_object_source:PROPERTY_EXCLUDED,hs_object_source_detail_1:PROPERTY_EXCLUDED,hs_object_source_id:PROPERTY_EXCLUDED,hs_object_source_label:PROPERTY_EXCLUDED,hs_user_ids_of_all_owners:PROPERTY_EXCLUDED,hs_voicemail_count:PROPERTY_NOT_WRITABLE,hubspot_owner_assigneddate:PROPERTY_NOT_WRITABLE,hubspot_owner_id:OWNER_UNASSIGNED
2026-09-26T18:32:02.867Z [CREATED] sourceCall=55358554459 destinationCall=117469660440 owner=1319846492→- contacts=2 companies=0 deals=0
2026-09-26T18:32:02.868Z [PROPERTY_SKIPPED] sourceCall=61945630630 properties=hs_all_owner_ids:PROPERTY_EXCLUDED,hs_body_preview:PROPERTY_NOT_WRITABLE,hs_body_preview_html:PROPERTY_NOT_WRITABLE,hs_body_preview_is_truncated:PROPERTY_NOT_WRITABLE,hs_call_authed_url_provider:PROPERTY_NOT_WRITABLE,hs_call_source:PROPERTY_EXCLUDED,hs_call_video_meeting_type:PROPERTY_NOT_WRITABLE,hs_connected_count:PROPERTY_NOT_WRITABLE,hs_created_by:PROPERTY_EXCLUDED,hs_createdate:PROPERTY_EXCLUDED,hs_engagements_last_contacted:PROPERTY_NOT_WRITABLE,hs_has_call_notes:PROPERTY_NOT_WRITABLE,hs_lastmodifieddate:PROPERTY_EXCLUDED,hs_obj_coords:PROPERTY_NOT_WRITABLE,hs_object_id:PROPERTY_EXCLUDED,hs_object_source:PROPERTY_EXCLUDED,hs_object_source_detail_1:PROPERTY_EXCLUDED,hs_object_source_id:PROPERTY_EXCLUDED,hs_object_source_label:PROPERTY_EXCLUDED,hs_user_ids_of_all_owners:PROPERTY_EXCLUDED,hs_voicemail_count:PROPERTY_NOT_WRITABLE,hubspot_owner_assigneddate:PROPERTY_NOT_WRITABLE,hubspot_owner_id:OWNER_UNASSIGNED
2026-09-26T18:32:02.868Z [CREATED] sourceCall=61945630630 destinationCall=117469660449 owner=1319846492→- contacts=34 companies=4 deals=0
2026-09-26T18:32:02.868Z [PROPERTY_SKIPPED] sourceCall=62128312208 properties=hs_all_owner_ids:PROPERTY_EXCLUDED,hs_body_preview:PROPERTY_NOT_WRITABLE,hs_body_preview_html:PROPERTY_NOT_WRITABLE,hs_body_preview_is_truncated:PROPERTY_NOT_WRITABLE,hs_call_authed_url_provider:PROPERTY_NOT_WRITABLE,hs_call_source:PROPERTY_EXCLUDED,hs_call_video_meeting_type:PROPERTY_NOT_WRITABLE,hs_connected_count:PROPERTY_NOT_WRITABLE,hs_created_by:PROPERTY_EXCLUDED,hs_createdate:PROPERTY_EXCLUDED,hs_engagements_last_contacted:PROPERTY_NOT_WRITABLE,hs_has_call_notes:PROPERTY_NOT_WRITABLE,hs_lastmodifieddate:PROPERTY_EXCLUDED,hs_obj_coords:PROPERTY_NOT_WRITABLE,hs_object_id:PROPERTY_EXCLUDED,hs_object_source:PROPERTY_EXCLUDED,hs_object_source_detail_1:PROPERTY_EXCLUDED,hs_object_source_id:PROPERTY_EXCLUDED,hs_object_source_label:PROPERTY_EXCLUDED,hs_user_ids_of_all_owners:PROPERTY_EXCLUDED,hs_voicemail_count:PROPERTY_NOT_WRITABLE,hubspot_owner_assigneddate:PROPERTY_NOT_WRITABLE,hubspot_owner_id:OWNER_UNASSIGNED
2026-09-26T18:32:02.868Z [CREATED] sourceCall=62128312208 destinationCall=117469660441 owner=1319846492→- contacts=0 companies=0 deals=0
2026-09-26T18:32:02.868Z [PROPERTY_SKIPPED] sourceCall=62130540927 properties=hs_all_owner_ids:PROPERTY_EXCLUDED,hs_body_preview:PROPERTY_NOT_WRITABLE,hs_body_preview_html:PROPERTY_NOT_WRITABLE,hs_body_preview_is_truncated:PROPERTY_NOT_WRITABLE,hs_call_authed_url_provider:PROPERTY_NOT_WRITABLE,hs_call_source:PROPERTY_EXCLUDED,hs_call_video_meeting_type:PROPERTY_NOT_WRITABLE,hs_connected_count:PROPERTY_NOT_WRITABLE,hs_created_by:PROPERTY_EXCLUDED,hs_createdate:PROPERTY_EXCLUDED,hs_engagements_last_contacted:PROPERTY_NOT_WRITABLE,hs_has_call_notes:PROPERTY_NOT_WRITABLE,hs_lastmodifieddate:PROPERTY_EXCLUDED,hs_obj_coords:PROPERTY_NOT_WRITABLE,hs_object_id:PROPERTY_EXCLUDED,hs_object_source:PROPERTY_EXCLUDED,hs_object_source_detail_1:PROPERTY_EXCLUDED,hs_object_source_id:PROPERTY_EXCLUDED,hs_object_source_label:PROPERTY_EXCLUDED,hs_user_ids_of_all_owners:PROPERTY_EXCLUDED,hs_voicemail_count:PROPERTY_NOT_WRITABLE,hubspot_owner_assigneddate:PROPERTY_NOT_WRITABLE,hubspot_owner_id:OWNER_UNASSIGNED
2026-09-26T18:32:02.868Z [CREATED] sourceCall=62130540927 destinationCall=117469660450 owner=1319846492→- contacts=0 companies=0 deals=0
2026-09-26T18:32:02.868Z [PROPERTY_SKIPPED] sourceCall=62176531600 properties=hs_all_owner_ids:PROPERTY_EXCLUDED,hs_body_preview:PROPERTY_NOT_WRITABLE,hs_body_preview_html:PROPERTY_NOT_WRITABLE,hs_body_preview_is_truncated:PROPERTY_NOT_WRITABLE,hs_call_authed_url_provider:PROPERTY_NOT_WRITABLE,hs_call_source:PROPERTY_EXCLUDED,hs_call_video_meeting_type:PROPERTY_NOT_WRITABLE,hs_connected_count:PROPERTY_NOT_WRITABLE,hs_created_by:PROPERTY_EXCLUDED,hs_createdate:PROPERTY_EXCLUDED,hs_engagements_last_contacted:PROPERTY_NOT_WRITABLE,hs_has_call_notes:PROPERTY_NOT_WRITABLE,hs_lastmodifieddate:PROPERTY_EXCLUDED,hs_obj_coords:PROPERTY_NOT_WRITABLE,hs_object_id:PROPERTY_EXCLUDED,hs_object_source:PROPERTY_EXCLUDED,hs_object_source_detail_1:PROPERTY_EXCLUDED,hs_object_source_id:PROPERTY_EXCLUDED,hs_object_source_label:PROPERTY_EXCLUDED,hs_user_ids_of_all_owners:PROPERTY_EXCLUDED,hs_voicemail_count:PROPERTY_NOT_WRITABLE,hubspot_owner_assigneddate:PROPERTY_NOT_WRITABLE,hubspot_owner_id:OWNER_UNASSIGNED
2026-09-26T18:32:02.868Z [CREATED] sourceCall=62176531600 destinationCall=117469660448 owner=1319846492→- contacts=0 companies=0 deals=0
2026-09-26T18:32:02.869Z [PROPERTY_SKIPPED] sourceCall=63002874713 properties=hs_all_owner_ids:PROPERTY_EXCLUDED,hs_body_preview:PROPERTY_NOT_WRITABLE,hs_body_preview_html:PROPERTY_NOT_WRITABLE,hs_body_preview_is_truncated:PROPERTY_NOT_WRITABLE,hs_call_authed_url_provider:PROPERTY_NOT_WRITABLE,hs_call_source:PROPERTY_EXCLUDED,hs_call_video_meeting_type:PROPERTY_NOT_WRITABLE,hs_connected_count:PROPERTY_NOT_WRITABLE,hs_created_by:PROPERTY_EXCLUDED,hs_createdate:PROPERTY_EXCLUDED,hs_engagements_last_contacted:PROPERTY_NOT_WRITABLE,hs_has_call_notes:PROPERTY_NOT_WRITABLE,hs_lastmodifieddate:PROPERTY_EXCLUDED,hs_obj_coords:PROPERTY_NOT_WRITABLE,hs_object_id:PROPERTY_EXCLUDED,hs_object_source:PROPERTY_EXCLUDED,hs_object_source_detail_1:PROPERTY_EXCLUDED,hs_object_source_id:PROPERTY_EXCLUDED,hs_object_source_label:PROPERTY_EXCLUDED,hs_user_ids_of_all_owners:PROPERTY_EXCLUDED,hs_voicemail_count:PROPERTY_NOT_WRITABLE,hubspot_owner_assigneddate:PROPERTY_NOT_WRITABLE,hubspot_owner_id:OWNER_UNASSIGNED
2026-09-26T18:32:02.869Z [CREATED] sourceCall=63002874713 destinationCall=117469660447 owner=1319846492→- contacts=14 companies=2 deals=0
2026-09-26T18:32:02.869Z [PROPERTY_SKIPPED] sourceCall=63939374394 properties=hs_all_owner_ids:PROPERTY_EXCLUDED,hs_body_preview:PROPERTY_NOT_WRITABLE,hs_body_preview_html:PROPERTY_NOT_WRITABLE,hs_body_preview_is_truncated:PROPERTY_NOT_WRITABLE,hs_call_authed_url_provider:PROPERTY_NOT_WRITABLE,hs_call_source:PROPERTY_EXCLUDED,hs_call_video_meeting_type:PROPERTY_NOT_WRITABLE,hs_connected_count:PROPERTY_NOT_WRITABLE,hs_created_by:PROPERTY_EXCLUDED,hs_createdate:PROPERTY_EXCLUDED,hs_engagements_last_contacted:PROPERTY_NOT_WRITABLE,hs_has_call_notes:PROPERTY_NOT_WRITABLE,hs_lastmodifieddate:PROPERTY_EXCLUDED,hs_obj_coords:PROPERTY_NOT_WRITABLE,hs_object_id:PROPERTY_EXCLUDED,hs_object_source:PROPERTY_EXCLUDED,hs_object_source_detail_1:PROPERTY_EXCLUDED,hs_object_source_id:PROPERTY_EXCLUDED,hs_object_source_label:PROPERTY_EXCLUDED,hs_user_ids_of_all_owners:PROPERTY_EXCLUDED,hs_voicemail_count:PROPERTY_NOT_WRITABLE,hubspot_owner_assigneddate:PROPERTY_NOT_WRITABLE,hubspot_owner_id:OWNER_UNASSIGNED
2026-09-26T18:32:02.869Z [CREATED] sourceCall=63939374394 destinationCall=117469660451 owner=1319846492→- contacts=10 companies=0 deals=0
2026-09-26T18:32:02.869Z [PROPERTY_SKIPPED] sourceCall=71955122857 properties=hs_all_owner_ids:PROPERTY_EXCLUDED,hs_body_preview:PROPERTY_NOT_WRITABLE,hs_body_preview_html:PROPERTY_NOT_WRITABLE,hs_body_preview_is_truncated:PROPERTY_NOT_WRITABLE,hs_call_authed_url_provider:PROPERTY_NOT_WRITABLE,hs_call_source:PROPERTY_EXCLUDED,hs_call_video_meeting_type:PROPERTY_NOT_WRITABLE,hs_connected_count:PROPERTY_NOT_WRITABLE,hs_created_by:PROPERTY_EXCLUDED,hs_createdate:PROPERTY_EXCLUDED,hs_engagements_last_contacted:PROPERTY_NOT_WRITABLE,hs_has_call_notes:PROPERTY_NOT_WRITABLE,hs_lastmodifieddate:PROPERTY_EXCLUDED,hs_obj_coords:PROPERTY_NOT_WRITABLE,hs_object_id:PROPERTY_EXCLUDED,hs_object_source:PROPERTY_EXCLUDED,hs_object_source_detail_1:PROPERTY_EXCLUDED,hs_object_source_id:PROPERTY_EXCLUDED,hs_object_source_label:PROPERTY_EXCLUDED,hs_user_ids_of_all_owners:PROPERTY_EXCLUDED,hs_voicemail_count:PROPERTY_NOT_WRITABLE,hubspot_owner_assigneddate:PROPERTY_NOT_WRITABLE,hubspot_owner_id:OWNER_UNASSIGNED
2026-09-26T18:32:02.869Z [CREATED] sourceCall=71955122857 destinationCall=117469660443 owner=1319846492→- contacts=49 companies=2 deals=0
2026-09-26T18:32:02.869Z [PROPERTY_SKIPPED] sourceCall=75219005238 properties=hs_all_owner_ids:PROPERTY_EXCLUDED,hs_body_preview:PROPERTY_NOT_WRITABLE,hs_body_preview_html:PROPERTY_NOT_WRITABLE,hs_body_preview_is_truncated:PROPERTY_NOT_WRITABLE,hs_call_authed_url_provider:PROPERTY_NOT_WRITABLE,hs_call_source:PROPERTY_EXCLUDED,hs_call_video_meeting_type:PROPERTY_NOT_WRITABLE,hs_connected_count:PROPERTY_NOT_WRITABLE,hs_created_by:PROPERTY_EXCLUDED,hs_createdate:PROPERTY_EXCLUDED,hs_engagements_last_contacted:PROPERTY_NOT_WRITABLE,hs_has_call_notes:PROPERTY_NOT_WRITABLE,hs_lastmodifieddate:PROPERTY_EXCLUDED,hs_obj_coords:PROPERTY_NOT_WRITABLE,hs_object_id:PROPERTY_EXCLUDED,hs_object_source:PROPERTY_EXCLUDED,hs_object_source_detail_1:PROPERTY_EXCLUDED,hs_object_source_id:PROPERTY_EXCLUDED,hs_object_source_label:PROPERTY_EXCLUDED,hs_user_ids_of_all_owners:PROPERTY_EXCLUDED,hs_voicemail_count:PROPERTY_NOT_WRITABLE,hubspot_owner_assigneddate:PROPERTY_NOT_WRITABLE,hubspot_owner_id:OWNER_UNASSIGNED
2026-09-26T18:32:02.870Z [CREATED] sourceCall=75219005238 destinationCall=117469660445 owner=1319846492→- contacts=27 companies=2 deals=0
2026-09-26T18:32:02.870Z [PROPERTY_SKIPPED] sourceCall=77634518148 properties=hs_all_owner_ids:PROPERTY_EXCLUDED,hs_body_preview:PROPERTY_NOT_WRITABLE,hs_body_preview_html:PROPERTY_NOT_WRITABLE,hs_body_preview_is_truncated:PROPERTY_NOT_WRITABLE,hs_call_authed_url_provider:PROPERTY_NOT_WRITABLE,hs_call_source:PROPERTY_EXCLUDED,hs_call_unique_external_id:PROPERTY_NOT_WRITABLE,hs_call_video_meeting_type:PROPERTY_NOT_WRITABLE,hs_connected_count:PROPERTY_NOT_WRITABLE,hs_created_by:PROPERTY_EXCLUDED,hs_createdate:PROPERTY_EXCLUDED,hs_engagements_last_contacted:PROPERTY_NOT_WRITABLE,hs_has_call_notes:PROPERTY_NOT_WRITABLE,hs_lastmodifieddate:PROPERTY_EXCLUDED,hs_obj_coords:PROPERTY_NOT_WRITABLE,hs_object_id:PROPERTY_EXCLUDED,hs_object_source:PROPERTY_EXCLUDED,hs_object_source_detail_1:PROPERTY_EXCLUDED,hs_object_source_id:PROPERTY_EXCLUDED,hs_object_source_label:PROPERTY_EXCLUDED,hs_user_ids_of_all_owners:PROPERTY_EXCLUDED,hs_voicemail_count:PROPERTY_NOT_WRITABLE,hubspot_owner_assigneddate:PROPERTY_NOT_WRITABLE,hubspot_owner_id:OWNER_UNASSIGNED
2026-09-26T18:32:02.870Z [CREATED] sourceCall=77634518148 destinationCall=117469660444 owner=1319846492→- contacts=40 companies=2 deals=0
2026-09-26T18:32:02.870Z [PROPERTY_SKIPPED] sourceCall=88691867916 properties=hs_all_owner_ids:PROPERTY_EXCLUDED,hs_body_preview:PROPERTY_NOT_WRITABLE,hs_body_preview_html:PROPERTY_NOT_WRITABLE,hs_body_preview_is_truncated:PROPERTY_NOT_WRITABLE,hs_call_authed_url_provider:PROPERTY_NOT_WRITABLE,hs_call_source:PROPERTY_EXCLUDED,hs_call_unique_external_id:PROPERTY_NOT_WRITABLE,hs_call_video_meeting_type:PROPERTY_NOT_WRITABLE,hs_connected_count:PROPERTY_NOT_WRITABLE,hs_created_by:PROPERTY_EXCLUDED,hs_createdate:PROPERTY_EXCLUDED,hs_engagements_last_contacted:PROPERTY_NOT_WRITABLE,hs_has_call_notes:PROPERTY_NOT_WRITABLE,hs_lastmodifieddate:PROPERTY_EXCLUDED,hs_obj_coords:PROPERTY_NOT_WRITABLE,hs_object_id:PROPERTY_EXCLUDED,hs_object_source:PROPERTY_EXCLUDED,hs_object_source_detail_1:PROPERTY_EXCLUDED,hs_object_source_id:PROPERTY_EXCLUDED,hs_object_source_label:PROPERTY_EXCLUDED,hs_user_ids_of_all_owners:PROPERTY_EXCLUDED,hs_voicemail_count:PROPERTY_NOT_WRITABLE,hubspot_owner_assigneddate:PROPERTY_NOT_WRITABLE,hubspot_owner_id:OWNER_UNASSIGNED
2026-09-26T18:32:02.870Z [CREATED] sourceCall=88691867916 destinationCall=117469660437 owner=1319846492→- contacts=15 companies=1 deals=0
2026-09-26T18:32:02.870Z [PROPERTY_SKIPPED] sourceCall=89454335639 properties=hs_all_owner_ids:PROPERTY_EXCLUDED,hs_body_preview:PROPERTY_NOT_WRITABLE,hs_body_preview_html:PROPERTY_NOT_WRITABLE,hs_body_preview_is_truncated:PROPERTY_NOT_WRITABLE,hs_call_authed_url_provider:PROPERTY_NOT_WRITABLE,hs_call_source:PROPERTY_EXCLUDED,hs_call_video_meeting_type:PROPERTY_NOT_WRITABLE,hs_connected_count:PROPERTY_NOT_WRITABLE,hs_created_by:PROPERTY_EXCLUDED,hs_createdate:PROPERTY_EXCLUDED,hs_engagements_last_contacted:PROPERTY_NOT_WRITABLE,hs_has_call_notes:PROPERTY_NOT_WRITABLE,hs_lastmodifieddate:PROPERTY_EXCLUDED,hs_obj_coords:PROPERTY_NOT_WRITABLE,hs_object_id:PROPERTY_EXCLUDED,hs_object_source:PROPERTY_EXCLUDED,hs_object_source_detail_1:PROPERTY_EXCLUDED,hs_object_source_id:PROPERTY_EXCLUDED,hs_object_source_label:PROPERTY_EXCLUDED,hs_user_ids_of_all_owners:PROPERTY_EXCLUDED,hs_voicemail_count:PROPERTY_NOT_WRITABLE,hubspot_owner_assigneddate:PROPERTY_NOT_WRITABLE,hubspot_owner_id:OWNER_UNASSIGNED
2026-09-26T18:32:02.870Z [CREATED] sourceCall=89454335639 destinationCall=117469660438 owner=1319846492→- contacts=74 companies=0 deals=0
2026-09-26T18:32:02.870Z [PROPERTY_SKIPPED] sourceCall=90746256263 properties=hs_all_owner_ids:PROPERTY_EXCLUDED,hs_body_preview:PROPERTY_NOT_WRITABLE,hs_body_preview_html:PROPERTY_NOT_WRITABLE,hs_body_preview_is_truncated:PROPERTY_NOT_WRITABLE,hs_call_authed_url_provider:PROPERTY_NOT_WRITABLE,hs_call_source:PROPERTY_EXCLUDED,hs_call_video_meeting_type:PROPERTY_NOT_WRITABLE,hs_connected_count:PROPERTY_NOT_WRITABLE,hs_created_by:PROPERTY_EXCLUDED,hs_createdate:PROPERTY_EXCLUDED,hs_engagements_last_contacted:PROPERTY_NOT_WRITABLE,hs_has_call_notes:PROPERTY_NOT_WRITABLE,hs_lastmodifieddate:PROPERTY_EXCLUDED,hs_obj_coords:PROPERTY_NOT_WRITABLE,hs_object_id:PROPERTY_EXCLUDED,hs_object_source:PROPERTY_EXCLUDED,hs_object_source_detail_1:PROPERTY_EXCLUDED,hs_object_source_id:PROPERTY_EXCLUDED,hs_object_source_label:PROPERTY_EXCLUDED,hs_user_ids_of_all_owners:PROPERTY_EXCLUDED,hs_voicemail_count:PROPERTY_NOT_WRITABLE,hubspot_owner_assigneddate:PROPERTY_NOT_WRITABLE,hubspot_owner_id:OWNER_UNASSIGNED
2026-09-26T18:32:02.870Z [CREATED] sourceCall=90746256263 destinationCall=117469660446 owner=1319846492→- contacts=1 companies=0 deals=0
2026-09-26T18:32:02.871Z [PROGRESS] Fetched: 16 / 16 created=15 updated=0 unchanged=1 failed=0
========================================
CALL MIGRATION SUMMARY
========================================

Source Portal:      46378923
Destination Portal: 414445

Source Calls Found: 16 (portal total ≈ 16)
Created: 15
Updated: 0
Already Current: 1
Failed: 0
Calls With Association Errors: 0

Contact Associations Created: 273 (already present 3, failed 0)
Company Associations Created: 14 (already present 1, failed 0)
Deal Associations Created: 0 (already present 0, failed 0)

Contact Mapping Missing: 0
Company Mapping Missing: 14
Deal Mapping Missing: 0

Properties Skipped: 16
Owner Mapping Missing: 16
Owner Mapping Invalid: 0
Owner Left Unassigned: 16

Rate Limit Retries: 0
Other Retries: 0

Duration: 0h 0m 22s
========================================

Top Errors / Issues:

1. OWNER_MAPPING_NOT_FOUND: 16
2. OWNER_UNASSIGNED: 16
3. COMPANY_MAPPING_NOT_FOUND: 14
4. OWNER_MAPPING_ERROR: 3
5. UNTRACKED_DESTINATION_CALLS: 1

Logs: /home/cedcoss/Desktop/Practus-Migration HS To HS -All/logs

2026-09-26T18:32:39.173Z ===== RUN START dryRun=false source=46378923 destination=414445 setupOnly=false =====
WARN 2026-09-26T18:32:42.570Z [OWNER_MAPPING_ERROR] Mapped destination owner is not an active owner sourceOwnerId=88490010 destinationOwnerId=88490010 validationResult=ARCHIVED
WARN 2026-09-26T18:32:42.571Z [OWNER_MAPPING_ERROR] Mapped destination owner is not an active owner sourceOwnerId=88495508 destinationOwnerId=88495508 validationResult=ARCHIVED
WARN 2026-09-26T18:32:42.571Z [OWNER_MAPPING_ERROR] Mapped destination owner is not an active owner sourceOwnerId=90889758 destinationOwnerId=1168039153 validationResult=ARCHIVED
WARN 2026-09-26T18:32:42.571Z [DEFAULT_OWNER_NOT_CONFIGURED] DEFAULT_DESTINATION_OWNER_ID is not set. Safe fallback: calls whose source owner is unmapped/invalid are migrated WITHOUT an owner (hubspot_owner_id left empty) and logged.
2026-09-26T18:32:42.572Z [OWNER_VALIDATION] 48/51 owner mappings valid invalid=3 defaultOwner=none report=/home/cedcoss/Desktop/Practus-Migration HS To HS -All/logs/call-migration-owner-validation.json
2026-09-26T18:32:43.109Z [CALL_OUTCOMES] 7/7 source call outcomes resolved in destination unmatched=none
2026-09-26T18:32:43.644Z [ASSOCIATION_DEFINITIONS] call->contacts: default typeId 194 customLabels=none
2026-09-26T18:32:44.215Z [ASSOCIATION_DEFINITIONS] call->companies: default typeId 182 customLabels=none
2026-09-26T18:32:44.742Z [ASSOCIATION_DEFINITIONS] call->deals: default typeId 206 customLabels=none
2026-09-26T18:32:45.445Z [RECORD_MAPPING] Resolving destination records by on-demand search strategy=auto sourceCalls=16
2026-09-26T18:32:46.503Z [RECORD_MAPPING] contacts: tm_contact_record_id populated on 519922 destination records mode=ON_DEMAND cached=0 ambiguous=0
2026-09-26T18:32:47.698Z [RECORD_MAPPING] companies: tm_company_record_id populated on 95653 destination records mode=ON_DEMAND cached=0 ambiguous=0
2026-09-26T18:32:48.963Z [RECORD_MAPPING] deals: tm_deal_record_id populated on 16927 destination records mode=ON_DEMAND cached=0 ambiguous=0
WARN 2026-09-26T18:32:49.542Z [UNTRACKED_DESTINATION_CALLS] Destination portal already has 4289 call(s) WITHOUT source_call_record_id. They cannot be matched to source calls; if any were migrated earlier by another tool, this run would duplicate them. Verify, then set ALLOW_UNTRACKED_DESTINATION_CALLS=true to proceed (those calls are never modified). count=4289 allowed=true
2026-09-26T18:32:49.543Z [TRACKING_PROPERTY] Destination call property "source_call_record_id" exists type=string hasUniqueValue=true
2026-09-26T18:32:49.544Z [PROPERTY_PLAN] 36 writable call properties, 87 skipped PROPERTY_NOT_WRITABLE=61 PROPERTY_EXCLUDED=26 report=/home/cedcoss/Desktop/Practus-Migration HS To HS -All/logs/call-migration-property-report.json
2026-09-26T18:32:49.545Z [CHECKPOINT] Previous run completed; starting a full reconciliation pass from the beginning
2026-09-26T18:32:58.146Z [OWNER_MAPPING_NOT_FOUND] Source owner is not in the owner mapping sourceCallId=55355744160 sourceOwnerId=1319846492 fallback=UNASSIGNED
2026-09-26T18:32:58.149Z [OWNER_MAPPING_NOT_FOUND] Source owner is not in the owner mapping sourceCallId=55357424687 sourceOwnerId=1319846492 fallback=UNASSIGNED
2026-09-26T18:32:58.149Z [OWNER_MAPPING_NOT_FOUND] Source owner is not in the owner mapping sourceCallId=55357534092 sourceOwnerId=1319846492 fallback=UNASSIGNED
2026-09-26T18:32:58.149Z [OWNER_MAPPING_NOT_FOUND] Source owner is not in the owner mapping sourceCallId=55358554459 sourceOwnerId=1319846492 fallback=UNASSIGNED
2026-09-26T18:32:58.150Z [OWNER_MAPPING_NOT_FOUND] Source owner is not in the owner mapping sourceCallId=61945630630 sourceOwnerId=1319846492 fallback=UNASSIGNED
2026-09-26T18:32:58.150Z [OWNER_MAPPING_NOT_FOUND] Source owner is not in the owner mapping sourceCallId=62128312208 sourceOwnerId=1319846492 fallback=UNASSIGNED
2026-09-26T18:32:58.150Z [OWNER_MAPPING_NOT_FOUND] Source owner is not in the owner mapping sourceCallId=62130540927 sourceOwnerId=1319846492 fallback=UNASSIGNED
2026-09-26T18:32:58.151Z [OWNER_MAPPING_NOT_FOUND] Source owner is not in the owner mapping sourceCallId=62176531600 sourceOwnerId=1319846492 fallback=UNASSIGNED
2026-09-26T18:32:58.151Z [OWNER_MAPPING_NOT_FOUND] Source owner is not in the owner mapping sourceCallId=63002874713 sourceOwnerId=1319846492 fallback=UNASSIGNED
2026-09-26T18:32:58.151Z [OWNER_MAPPING_NOT_FOUND] Source owner is not in the owner mapping sourceCallId=63939374394 sourceOwnerId=1319846492 fallback=UNASSIGNED
2026-09-26T18:32:58.152Z [OWNER_MAPPING_NOT_FOUND] Source owner is not in the owner mapping sourceCallId=71955122857 sourceOwnerId=1319846492 fallback=UNASSIGNED
2026-09-26T18:32:58.152Z [OWNER_MAPPING_NOT_FOUND] Source owner is not in the owner mapping sourceCallId=75219005238 sourceOwnerId=1319846492 fallback=UNASSIGNED
2026-09-26T18:32:58.152Z [OWNER_MAPPING_NOT_FOUND] Source owner is not in the owner mapping sourceCallId=77634518148 sourceOwnerId=1319846492 fallback=UNASSIGNED
2026-09-26T18:32:58.152Z [OWNER_MAPPING_NOT_FOUND] Source owner is not in the owner mapping sourceCallId=88691867916 sourceOwnerId=1319846492 fallback=UNASSIGNED
2026-09-26T18:32:58.152Z [OWNER_MAPPING_NOT_FOUND] Source owner is not in the owner mapping sourceCallId=89454335639 sourceOwnerId=1319846492 fallback=UNASSIGNED
2026-09-26T18:32:58.153Z [OWNER_MAPPING_NOT_FOUND] Source owner is not in the owner mapping sourceCallId=90746256263 sourceOwnerId=1319846492 fallback=UNASSIGNED
2026-09-26T18:32:58.863Z [COMPANY_MAPPING_NOT_FOUND] No unique destination companies with tm_company_record_id=22413410817 sourceCallId=55355744160 destinationCallId=117469607498 associatedSourceRecordId=22413410817
2026-09-26T18:32:58.863Z [COMPANY_MAPPING_NOT_FOUND] No unique destination companies with tm_company_record_id=22413410817 sourceCallId=55357424687 destinationCallId=117469660439 associatedSourceRecordId=22413410817
2026-09-26T18:32:58.863Z [COMPANY_MAPPING_NOT_FOUND] No unique destination companies with tm_company_record_id=22506130258 sourceCallId=55357424687 destinationCallId=117469660439 associatedSourceRecordId=22506130258
2026-09-26T18:32:58.863Z [COMPANY_MAPPING_NOT_FOUND] No unique destination companies with tm_company_record_id=22413410817 sourceCallId=55357534092 destinationCallId=117469660442 associatedSourceRecordId=22413410817
2026-09-26T18:32:58.864Z [COMPANY_MAPPING_NOT_FOUND] No unique destination companies with tm_company_record_id=22506026905 sourceCallId=55357534092 destinationCallId=117469660442 associatedSourceRecordId=22506026905
2026-09-26T18:32:58.864Z [COMPANY_MAPPING_NOT_FOUND] No unique destination companies with tm_company_record_id=22413410817 sourceCallId=55358554459 destinationCallId=117469660440 associatedSourceRecordId=22413410817
2026-09-26T18:32:58.864Z [COMPANY_MAPPING_NOT_FOUND] No unique destination companies with tm_company_record_id=22506013004 sourceCallId=71955122857 destinationCallId=117469660443 associatedSourceRecordId=22506013004
2026-09-26T18:32:58.864Z [COMPANY_MAPPING_NOT_FOUND] No unique destination companies with tm_company_record_id=22506159711 sourceCallId=71955122857 destinationCallId=117469660443 associatedSourceRecordId=22506159711
2026-09-26T18:32:58.864Z [COMPANY_MAPPING_NOT_FOUND] No unique destination companies with tm_company_record_id=22506013004 sourceCallId=75219005238 destinationCallId=117469660445 associatedSourceRecordId=22506013004
2026-09-26T18:32:58.864Z [COMPANY_MAPPING_NOT_FOUND] No unique destination companies with tm_company_record_id=22413101997 sourceCallId=77634518148 destinationCallId=117469660444 associatedSourceRecordId=22413101997
2026-09-26T18:32:58.864Z [COMPANY_MAPPING_NOT_FOUND] No unique destination companies with tm_company_record_id=22413418049 sourceCallId=77634518148 destinationCallId=117469660444 associatedSourceRecordId=22413418049
2026-09-26T18:32:58.864Z [COMPANY_MAPPING_NOT_FOUND] No unique destination companies with tm_company_record_id=22505723417 sourceCallId=77634518148 destinationCallId=117469660444 associatedSourceRecordId=22505723417
2026-09-26T18:32:58.864Z [COMPANY_MAPPING_NOT_FOUND] No unique destination companies with tm_company_record_id=22505785695 sourceCallId=77634518148 destinationCallId=117469660444 associatedSourceRecordId=22505785695
2026-09-26T18:32:58.865Z [COMPANY_MAPPING_NOT_FOUND] No unique destination companies with tm_company_record_id=22412950649 sourceCallId=89454335639 destinationCallId=117469660438 associatedSourceRecordId=22412950649
2026-09-26T18:32:59.394Z [PROPERTY_SKIPPED] sourceCall=55355744160 properties=hs_all_owner_ids:PROPERTY_EXCLUDED,hs_body_preview:PROPERTY_NOT_WRITABLE,hs_body_preview_html:PROPERTY_NOT_WRITABLE,hs_body_preview_is_truncated:PROPERTY_NOT_WRITABLE,hs_call_authed_url_provider:PROPERTY_NOT_WRITABLE,hs_call_source:PROPERTY_EXCLUDED,hs_call_video_meeting_type:PROPERTY_NOT_WRITABLE,hs_connected_count:PROPERTY_NOT_WRITABLE,hs_created_by:PROPERTY_EXCLUDED,hs_createdate:PROPERTY_EXCLUDED,hs_engagements_last_contacted:PROPERTY_NOT_WRITABLE,hs_has_call_notes:PROPERTY_NOT_WRITABLE,hs_lastmodifieddate:PROPERTY_EXCLUDED,hs_obj_coords:PROPERTY_NOT_WRITABLE,hs_object_id:PROPERTY_EXCLUDED,hs_object_source:PROPERTY_EXCLUDED,hs_object_source_detail_1:PROPERTY_EXCLUDED,hs_object_source_id:PROPERTY_EXCLUDED,hs_object_source_label:PROPERTY_EXCLUDED,hs_user_ids_of_all_owners:PROPERTY_EXCLUDED,hs_voicemail_count:PROPERTY_NOT_WRITABLE,hubspot_owner_assigneddate:PROPERTY_NOT_WRITABLE,hubspot_owner_id:OWNER_UNASSIGNED
2026-09-26T18:32:59.395Z [UNCHANGED] sourceCall=55355744160 destinationCall=117469607498 owner=1319846492→- contacts=0 companies=0 deals=0
2026-09-26T18:32:59.395Z [PROPERTY_SKIPPED] sourceCall=55357424687 properties=hs_all_owner_ids:PROPERTY_EXCLUDED,hs_body_preview:PROPERTY_NOT_WRITABLE,hs_body_preview_html:PROPERTY_NOT_WRITABLE,hs_body_preview_is_truncated:PROPERTY_NOT_WRITABLE,hs_call_authed_url_provider:PROPERTY_NOT_WRITABLE,hs_call_source:PROPERTY_EXCLUDED,hs_call_video_meeting_type:PROPERTY_NOT_WRITABLE,hs_connected_count:PROPERTY_NOT_WRITABLE,hs_created_by:PROPERTY_EXCLUDED,hs_createdate:PROPERTY_EXCLUDED,hs_engagements_last_contacted:PROPERTY_NOT_WRITABLE,hs_has_call_notes:PROPERTY_NOT_WRITABLE,hs_lastmodifieddate:PROPERTY_EXCLUDED,hs_obj_coords:PROPERTY_NOT_WRITABLE,hs_object_id:PROPERTY_EXCLUDED,hs_object_source:PROPERTY_EXCLUDED,hs_object_source_detail_1:PROPERTY_EXCLUDED,hs_object_source_id:PROPERTY_EXCLUDED,hs_object_source_label:PROPERTY_EXCLUDED,hs_user_ids_of_all_owners:PROPERTY_EXCLUDED,hs_voicemail_count:PROPERTY_NOT_WRITABLE,hubspot_owner_assigneddate:PROPERTY_NOT_WRITABLE,hubspot_owner_id:OWNER_UNASSIGNED
2026-09-26T18:32:59.395Z [UNCHANGED] sourceCall=55357424687 destinationCall=117469660439 owner=1319846492→- contacts=0 companies=0 deals=0
2026-09-26T18:32:59.395Z [PROPERTY_SKIPPED] sourceCall=55357534092 properties=hs_all_owner_ids:PROPERTY_EXCLUDED,hs_body_preview:PROPERTY_NOT_WRITABLE,hs_body_preview_html:PROPERTY_NOT_WRITABLE,hs_body_preview_is_truncated:PROPERTY_NOT_WRITABLE,hs_call_authed_url_provider:PROPERTY_NOT_WRITABLE,hs_call_source:PROPERTY_EXCLUDED,hs_call_video_meeting_type:PROPERTY_NOT_WRITABLE,hs_connected_count:PROPERTY_NOT_WRITABLE,hs_created_by:PROPERTY_EXCLUDED,hs_createdate:PROPERTY_EXCLUDED,hs_engagements_last_contacted:PROPERTY_NOT_WRITABLE,hs_has_call_notes:PROPERTY_NOT_WRITABLE,hs_lastmodifieddate:PROPERTY_EXCLUDED,hs_obj_coords:PROPERTY_NOT_WRITABLE,hs_object_id:PROPERTY_EXCLUDED,hs_object_source:PROPERTY_EXCLUDED,hs_object_source_detail_1:PROPERTY_EXCLUDED,hs_object_source_id:PROPERTY_EXCLUDED,hs_object_source_label:PROPERTY_EXCLUDED,hs_user_ids_of_all_owners:PROPERTY_EXCLUDED,hs_voicemail_count:PROPERTY_NOT_WRITABLE,hubspot_owner_assigneddate:PROPERTY_NOT_WRITABLE,hubspot_owner_id:OWNER_UNASSIGNED
2026-09-26T18:32:59.395Z [UNCHANGED] sourceCall=55357534092 destinationCall=117469660442 owner=1319846492→- contacts=0 companies=0 deals=0
2026-09-26T18:32:59.396Z [PROPERTY_SKIPPED] sourceCall=55358554459 properties=hs_all_owner_ids:PROPERTY_EXCLUDED,hs_body_preview:PROPERTY_NOT_WRITABLE,hs_body_preview_html:PROPERTY_NOT_WRITABLE,hs_body_preview_is_truncated:PROPERTY_NOT_WRITABLE,hs_call_authed_url_provider:PROPERTY_NOT_WRITABLE,hs_call_source:PROPERTY_EXCLUDED,hs_call_video_meeting_type:PROPERTY_NOT_WRITABLE,hs_connected_count:PROPERTY_NOT_WRITABLE,hs_created_by:PROPERTY_EXCLUDED,hs_createdate:PROPERTY_EXCLUDED,hs_engagements_last_contacted:PROPERTY_NOT_WRITABLE,hs_has_call_notes:PROPERTY_NOT_WRITABLE,hs_lastmodifieddate:PROPERTY_EXCLUDED,hs_obj_coords:PROPERTY_NOT_WRITABLE,hs_object_id:PROPERTY_EXCLUDED,hs_object_source:PROPERTY_EXCLUDED,hs_object_source_detail_1:PROPERTY_EXCLUDED,hs_object_source_id:PROPERTY_EXCLUDED,hs_object_source_label:PROPERTY_EXCLUDED,hs_user_ids_of_all_owners:PROPERTY_EXCLUDED,hs_voicemail_count:PROPERTY_NOT_WRITABLE,hubspot_owner_assigneddate:PROPERTY_NOT_WRITABLE,hubspot_owner_id:OWNER_UNASSIGNED
2026-09-26T18:32:59.396Z [UNCHANGED] sourceCall=55358554459 destinationCall=117469660440 owner=1319846492→- contacts=0 companies=0 deals=0
2026-09-26T18:32:59.396Z [PROPERTY_SKIPPED] sourceCall=61945630630 properties=hs_all_owner_ids:PROPERTY_EXCLUDED,hs_body_preview:PROPERTY_NOT_WRITABLE,hs_body_preview_html:PROPERTY_NOT_WRITABLE,hs_body_preview_is_truncated:PROPERTY_NOT_WRITABLE,hs_call_authed_url_provider:PROPERTY_NOT_WRITABLE,hs_call_source:PROPERTY_EXCLUDED,hs_call_video_meeting_type:PROPERTY_NOT_WRITABLE,hs_connected_count:PROPERTY_NOT_WRITABLE,hs_created_by:PROPERTY_EXCLUDED,hs_createdate:PROPERTY_EXCLUDED,hs_engagements_last_contacted:PROPERTY_NOT_WRITABLE,hs_has_call_notes:PROPERTY_NOT_WRITABLE,hs_lastmodifieddate:PROPERTY_EXCLUDED,hs_obj_coords:PROPERTY_NOT_WRITABLE,hs_object_id:PROPERTY_EXCLUDED,hs_object_source:PROPERTY_EXCLUDED,hs_object_source_detail_1:PROPERTY_EXCLUDED,hs_object_source_id:PROPERTY_EXCLUDED,hs_object_source_label:PROPERTY_EXCLUDED,hs_user_ids_of_all_owners:PROPERTY_EXCLUDED,hs_voicemail_count:PROPERTY_NOT_WRITABLE,hubspot_owner_assigneddate:PROPERTY_NOT_WRITABLE,hubspot_owner_id:OWNER_UNASSIGNED
2026-09-26T18:32:59.396Z [UNCHANGED] sourceCall=61945630630 destinationCall=117469660449 owner=1319846492→- contacts=0 companies=0 deals=0
2026-09-26T18:32:59.397Z [PROPERTY_SKIPPED] sourceCall=62128312208 properties=hs_all_owner_ids:PROPERTY_EXCLUDED,hs_body_preview:PROPERTY_NOT_WRITABLE,hs_body_preview_html:PROPERTY_NOT_WRITABLE,hs_body_preview_is_truncated:PROPERTY_NOT_WRITABLE,hs_call_authed_url_provider:PROPERTY_NOT_WRITABLE,hs_call_source:PROPERTY_EXCLUDED,hs_call_video_meeting_type:PROPERTY_NOT_WRITABLE,hs_connected_count:PROPERTY_NOT_WRITABLE,hs_created_by:PROPERTY_EXCLUDED,hs_createdate:PROPERTY_EXCLUDED,hs_engagements_last_contacted:PROPERTY_NOT_WRITABLE,hs_has_call_notes:PROPERTY_NOT_WRITABLE,hs_lastmodifieddate:PROPERTY_EXCLUDED,hs_obj_coords:PROPERTY_NOT_WRITABLE,hs_object_id:PROPERTY_EXCLUDED,hs_object_source:PROPERTY_EXCLUDED,hs_object_source_detail_1:PROPERTY_EXCLUDED,hs_object_source_id:PROPERTY_EXCLUDED,hs_object_source_label:PROPERTY_EXCLUDED,hs_user_ids_of_all_owners:PROPERTY_EXCLUDED,hs_voicemail_count:PROPERTY_NOT_WRITABLE,hubspot_owner_assigneddate:PROPERTY_NOT_WRITABLE,hubspot_owner_id:OWNER_UNASSIGNED
2026-09-26T18:32:59.397Z [UNCHANGED] sourceCall=62128312208 destinationCall=117469660441 owner=1319846492→- contacts=0 companies=0 deals=0
2026-09-26T18:32:59.397Z [PROPERTY_SKIPPED] sourceCall=62130540927 properties=hs_all_owner_ids:PROPERTY_EXCLUDED,hs_body_preview:PROPERTY_NOT_WRITABLE,hs_body_preview_html:PROPERTY_NOT_WRITABLE,hs_body_preview_is_truncated:PROPERTY_NOT_WRITABLE,hs_call_authed_url_provider:PROPERTY_NOT_WRITABLE,hs_call_source:PROPERTY_EXCLUDED,hs_call_video_meeting_type:PROPERTY_NOT_WRITABLE,hs_connected_count:PROPERTY_NOT_WRITABLE,hs_created_by:PROPERTY_EXCLUDED,hs_createdate:PROPERTY_EXCLUDED,hs_engagements_last_contacted:PROPERTY_NOT_WRITABLE,hs_has_call_notes:PROPERTY_NOT_WRITABLE,hs_lastmodifieddate:PROPERTY_EXCLUDED,hs_obj_coords:PROPERTY_NOT_WRITABLE,hs_object_id:PROPERTY_EXCLUDED,hs_object_source:PROPERTY_EXCLUDED,hs_object_source_detail_1:PROPERTY_EXCLUDED,hs_object_source_id:PROPERTY_EXCLUDED,hs_object_source_label:PROPERTY_EXCLUDED,hs_user_ids_of_all_owners:PROPERTY_EXCLUDED,hs_voicemail_count:PROPERTY_NOT_WRITABLE,hubspot_owner_assigneddate:PROPERTY_NOT_WRITABLE,hubspot_owner_id:OWNER_UNASSIGNED
2026-09-26T18:32:59.397Z [UNCHANGED] sourceCall=62130540927 destinationCall=117469660450 owner=1319846492→- contacts=0 companies=0 deals=0
2026-09-26T18:32:59.397Z [PROPERTY_SKIPPED] sourceCall=62176531600 properties=hs_all_owner_ids:PROPERTY_EXCLUDED,hs_body_preview:PROPERTY_NOT_WRITABLE,hs_body_preview_html:PROPERTY_NOT_WRITABLE,hs_body_preview_is_truncated:PROPERTY_NOT_WRITABLE,hs_call_authed_url_provider:PROPERTY_NOT_WRITABLE,hs_call_source:PROPERTY_EXCLUDED,hs_call_video_meeting_type:PROPERTY_NOT_WRITABLE,hs_connected_count:PROPERTY_NOT_WRITABLE,hs_created_by:PROPERTY_EXCLUDED,hs_createdate:PROPERTY_EXCLUDED,hs_engagements_last_contacted:PROPERTY_NOT_WRITABLE,hs_has_call_notes:PROPERTY_NOT_WRITABLE,hs_lastmodifieddate:PROPERTY_EXCLUDED,hs_obj_coords:PROPERTY_NOT_WRITABLE,hs_object_id:PROPERTY_EXCLUDED,hs_object_source:PROPERTY_EXCLUDED,hs_object_source_detail_1:PROPERTY_EXCLUDED,hs_object_source_id:PROPERTY_EXCLUDED,hs_object_source_label:PROPERTY_EXCLUDED,hs_user_ids_of_all_owners:PROPERTY_EXCLUDED,hs_voicemail_count:PROPERTY_NOT_WRITABLE,hubspot_owner_assigneddate:PROPERTY_NOT_WRITABLE,hubspot_owner_id:OWNER_UNASSIGNED
2026-09-26T18:32:59.397Z [UNCHANGED] sourceCall=62176531600 destinationCall=117469660448 owner=1319846492→- contacts=0 companies=0 deals=0
2026-09-26T18:32:59.397Z [PROPERTY_SKIPPED] sourceCall=63002874713 properties=hs_all_owner_ids:PROPERTY_EXCLUDED,hs_body_preview:PROPERTY_NOT_WRITABLE,hs_body_preview_html:PROPERTY_NOT_WRITABLE,hs_body_preview_is_truncated:PROPERTY_NOT_WRITABLE,hs_call_authed_url_provider:PROPERTY_NOT_WRITABLE,hs_call_source:PROPERTY_EXCLUDED,hs_call_video_meeting_type:PROPERTY_NOT_WRITABLE,hs_connected_count:PROPERTY_NOT_WRITABLE,hs_created_by:PROPERTY_EXCLUDED,hs_createdate:PROPERTY_EXCLUDED,hs_engagements_last_contacted:PROPERTY_NOT_WRITABLE,hs_has_call_notes:PROPERTY_NOT_WRITABLE,hs_lastmodifieddate:PROPERTY_EXCLUDED,hs_obj_coords:PROPERTY_NOT_WRITABLE,hs_object_id:PROPERTY_EXCLUDED,hs_object_source:PROPERTY_EXCLUDED,hs_object_source_detail_1:PROPERTY_EXCLUDED,hs_object_source_id:PROPERTY_EXCLUDED,hs_object_source_label:PROPERTY_EXCLUDED,hs_user_ids_of_all_owners:PROPERTY_EXCLUDED,hs_voicemail_count:PROPERTY_NOT_WRITABLE,hubspot_owner_assigneddate:PROPERTY_NOT_WRITABLE,hubspot_owner_id:OWNER_UNASSIGNED
2026-09-26T18:32:59.398Z [UNCHANGED] sourceCall=63002874713 destinationCall=117469660447 owner=1319846492→- contacts=0 companies=0 deals=0
2026-09-26T18:32:59.398Z [PROPERTY_SKIPPED] sourceCall=63939374394 properties=hs_all_owner_ids:PROPERTY_EXCLUDED,hs_body_preview:PROPERTY_NOT_WRITABLE,hs_body_preview_html:PROPERTY_NOT_WRITABLE,hs_body_preview_is_truncated:PROPERTY_NOT_WRITABLE,hs_call_authed_url_provider:PROPERTY_NOT_WRITABLE,hs_call_source:PROPERTY_EXCLUDED,hs_call_video_meeting_type:PROPERTY_NOT_WRITABLE,hs_connected_count:PROPERTY_NOT_WRITABLE,hs_created_by:PROPERTY_EXCLUDED,hs_createdate:PROPERTY_EXCLUDED,hs_engagements_last_contacted:PROPERTY_NOT_WRITABLE,hs_has_call_notes:PROPERTY_NOT_WRITABLE,hs_lastmodifieddate:PROPERTY_EXCLUDED,hs_obj_coords:PROPERTY_NOT_WRITABLE,hs_object_id:PROPERTY_EXCLUDED,hs_object_source:PROPERTY_EXCLUDED,hs_object_source_detail_1:PROPERTY_EXCLUDED,hs_object_source_id:PROPERTY_EXCLUDED,hs_object_source_label:PROPERTY_EXCLUDED,hs_user_ids_of_all_owners:PROPERTY_EXCLUDED,hs_voicemail_count:PROPERTY_NOT_WRITABLE,hubspot_owner_assigneddate:PROPERTY_NOT_WRITABLE,hubspot_owner_id:OWNER_UNASSIGNED
2026-09-26T18:32:59.398Z [UNCHANGED] sourceCall=63939374394 destinationCall=117469660451 owner=1319846492→- contacts=0 companies=0 deals=0
2026-09-26T18:32:59.398Z [PROPERTY_SKIPPED] sourceCall=71955122857 properties=hs_all_owner_ids:PROPERTY_EXCLUDED,hs_body_preview:PROPERTY_NOT_WRITABLE,hs_body_preview_html:PROPERTY_NOT_WRITABLE,hs_body_preview_is_truncated:PROPERTY_NOT_WRITABLE,hs_call_authed_url_provider:PROPERTY_NOT_WRITABLE,hs_call_source:PROPERTY_EXCLUDED,hs_call_video_meeting_type:PROPERTY_NOT_WRITABLE,hs_connected_count:PROPERTY_NOT_WRITABLE,hs_created_by:PROPERTY_EXCLUDED,hs_createdate:PROPERTY_EXCLUDED,hs_engagements_last_contacted:PROPERTY_NOT_WRITABLE,hs_has_call_notes:PROPERTY_NOT_WRITABLE,hs_lastmodifieddate:PROPERTY_EXCLUDED,hs_obj_coords:PROPERTY_NOT_WRITABLE,hs_object_id:PROPERTY_EXCLUDED,hs_object_source:PROPERTY_EXCLUDED,hs_object_source_detail_1:PROPERTY_EXCLUDED,hs_object_source_id:PROPERTY_EXCLUDED,hs_object_source_label:PROPERTY_EXCLUDED,hs_user_ids_of_all_owners:PROPERTY_EXCLUDED,hs_voicemail_count:PROPERTY_NOT_WRITABLE,hubspot_owner_assigneddate:PROPERTY_NOT_WRITABLE,hubspot_owner_id:OWNER_UNASSIGNED
2026-09-26T18:32:59.398Z [UNCHANGED] sourceCall=71955122857 destinationCall=117469660443 owner=1319846492→- contacts=0 companies=0 deals=0
2026-09-26T18:32:59.398Z [PROPERTY_SKIPPED] sourceCall=75219005238 properties=hs_all_owner_ids:PROPERTY_EXCLUDED,hs_body_preview:PROPERTY_NOT_WRITABLE,hs_body_preview_html:PROPERTY_NOT_WRITABLE,hs_body_preview_is_truncated:PROPERTY_NOT_WRITABLE,hs_call_authed_url_provider:PROPERTY_NOT_WRITABLE,hs_call_source:PROPERTY_EXCLUDED,hs_call_video_meeting_type:PROPERTY_NOT_WRITABLE,hs_connected_count:PROPERTY_NOT_WRITABLE,hs_created_by:PROPERTY_EXCLUDED,hs_createdate:PROPERTY_EXCLUDED,hs_engagements_last_contacted:PROPERTY_NOT_WRITABLE,hs_has_call_notes:PROPERTY_NOT_WRITABLE,hs_lastmodifieddate:PROPERTY_EXCLUDED,hs_obj_coords:PROPERTY_NOT_WRITABLE,hs_object_id:PROPERTY_EXCLUDED,hs_object_source:PROPERTY_EXCLUDED,hs_object_source_detail_1:PROPERTY_EXCLUDED,hs_object_source_id:PROPERTY_EXCLUDED,hs_object_source_label:PROPERTY_EXCLUDED,hs_user_ids_of_all_owners:PROPERTY_EXCLUDED,hs_voicemail_count:PROPERTY_NOT_WRITABLE,hubspot_owner_assigneddate:PROPERTY_NOT_WRITABLE,hubspot_owner_id:OWNER_UNASSIGNED
2026-09-26T18:32:59.398Z [UNCHANGED] sourceCall=75219005238 destinationCall=117469660445 owner=1319846492→- contacts=0 companies=0 deals=0
2026-09-26T18:32:59.398Z [PROPERTY_SKIPPED] sourceCall=77634518148 properties=hs_all_owner_ids:PROPERTY_EXCLUDED,hs_body_preview:PROPERTY_NOT_WRITABLE,hs_body_preview_html:PROPERTY_NOT_WRITABLE,hs_body_preview_is_truncated:PROPERTY_NOT_WRITABLE,hs_call_authed_url_provider:PROPERTY_NOT_WRITABLE,hs_call_source:PROPERTY_EXCLUDED,hs_call_unique_external_id:PROPERTY_NOT_WRITABLE,hs_call_video_meeting_type:PROPERTY_NOT_WRITABLE,hs_connected_count:PROPERTY_NOT_WRITABLE,hs_created_by:PROPERTY_EXCLUDED,hs_createdate:PROPERTY_EXCLUDED,hs_engagements_last_contacted:PROPERTY_NOT_WRITABLE,hs_has_call_notes:PROPERTY_NOT_WRITABLE,hs_lastmodifieddate:PROPERTY_EXCLUDED,hs_obj_coords:PROPERTY_NOT_WRITABLE,hs_object_id:PROPERTY_EXCLUDED,hs_object_source:PROPERTY_EXCLUDED,hs_object_source_detail_1:PROPERTY_EXCLUDED,hs_object_source_id:PROPERTY_EXCLUDED,hs_object_source_label:PROPERTY_EXCLUDED,hs_user_ids_of_all_owners:PROPERTY_EXCLUDED,hs_voicemail_count:PROPERTY_NOT_WRITABLE,hubspot_owner_assigneddate:PROPERTY_NOT_WRITABLE,hubspot_owner_id:OWNER_UNASSIGNED
2026-09-26T18:32:59.398Z [UNCHANGED] sourceCall=77634518148 destinationCall=117469660444 owner=1319846492→- contacts=0 companies=0 deals=0
2026-09-26T18:32:59.398Z [PROPERTY_SKIPPED] sourceCall=88691867916 properties=hs_all_owner_ids:PROPERTY_EXCLUDED,hs_body_preview:PROPERTY_NOT_WRITABLE,hs_body_preview_html:PROPERTY_NOT_WRITABLE,hs_body_preview_is_truncated:PROPERTY_NOT_WRITABLE,hs_call_authed_url_provider:PROPERTY_NOT_WRITABLE,hs_call_source:PROPERTY_EXCLUDED,hs_call_unique_external_id:PROPERTY_NOT_WRITABLE,hs_call_video_meeting_type:PROPERTY_NOT_WRITABLE,hs_connected_count:PROPERTY_NOT_WRITABLE,hs_created_by:PROPERTY_EXCLUDED,hs_createdate:PROPERTY_EXCLUDED,hs_engagements_last_contacted:PROPERTY_NOT_WRITABLE,hs_has_call_notes:PROPERTY_NOT_WRITABLE,hs_lastmodifieddate:PROPERTY_EXCLUDED,hs_obj_coords:PROPERTY_NOT_WRITABLE,hs_object_id:PROPERTY_EXCLUDED,hs_object_source:PROPERTY_EXCLUDED,hs_object_source_detail_1:PROPERTY_EXCLUDED,hs_object_source_id:PROPERTY_EXCLUDED,hs_object_source_label:PROPERTY_EXCLUDED,hs_user_ids_of_all_owners:PROPERTY_EXCLUDED,hs_voicemail_count:PROPERTY_NOT_WRITABLE,hubspot_owner_assigneddate:PROPERTY_NOT_WRITABLE,hubspot_owner_id:OWNER_UNASSIGNED
2026-09-26T18:32:59.398Z [UNCHANGED] sourceCall=88691867916 destinationCall=117469660437 owner=1319846492→- contacts=0 companies=0 deals=0
2026-09-26T18:32:59.398Z [PROPERTY_SKIPPED] sourceCall=89454335639 properties=hs_all_owner_ids:PROPERTY_EXCLUDED,hs_body_preview:PROPERTY_NOT_WRITABLE,hs_body_preview_html:PROPERTY_NOT_WRITABLE,hs_body_preview_is_truncated:PROPERTY_NOT_WRITABLE,hs_call_authed_url_provider:PROPERTY_NOT_WRITABLE,hs_call_source:PROPERTY_EXCLUDED,hs_call_video_meeting_type:PROPERTY_NOT_WRITABLE,hs_connected_count:PROPERTY_NOT_WRITABLE,hs_created_by:PROPERTY_EXCLUDED,hs_createdate:PROPERTY_EXCLUDED,hs_engagements_last_contacted:PROPERTY_NOT_WRITABLE,hs_has_call_notes:PROPERTY_NOT_WRITABLE,hs_lastmodifieddate:PROPERTY_EXCLUDED,hs_obj_coords:PROPERTY_NOT_WRITABLE,hs_object_id:PROPERTY_EXCLUDED,hs_object_source:PROPERTY_EXCLUDED,hs_object_source_detail_1:PROPERTY_EXCLUDED,hs_object_source_id:PROPERTY_EXCLUDED,hs_object_source_label:PROPERTY_EXCLUDED,hs_user_ids_of_all_owners:PROPERTY_EXCLUDED,hs_voicemail_count:PROPERTY_NOT_WRITABLE,hubspot_owner_assigneddate:PROPERTY_NOT_WRITABLE,hubspot_owner_id:OWNER_UNASSIGNED
2026-09-26T18:32:59.398Z [UNCHANGED] sourceCall=89454335639 destinationCall=117469660438 owner=1319846492→- contacts=0 companies=0 deals=0
2026-09-26T18:32:59.398Z [PROPERTY_SKIPPED] sourceCall=90746256263 properties=hs_all_owner_ids:PROPERTY_EXCLUDED,hs_body_preview:PROPERTY_NOT_WRITABLE,hs_body_preview_html:PROPERTY_NOT_WRITABLE,hs_body_preview_is_truncated:PROPERTY_NOT_WRITABLE,hs_call_authed_url_provider:PROPERTY_NOT_WRITABLE,hs_call_source:PROPERTY_EXCLUDED,hs_call_video_meeting_type:PROPERTY_NOT_WRITABLE,hs_connected_count:PROPERTY_NOT_WRITABLE,hs_created_by:PROPERTY_EXCLUDED,hs_createdate:PROPERTY_EXCLUDED,hs_engagements_last_contacted:PROPERTY_NOT_WRITABLE,hs_has_call_notes:PROPERTY_NOT_WRITABLE,hs_lastmodifieddate:PROPERTY_EXCLUDED,hs_obj_coords:PROPERTY_NOT_WRITABLE,hs_object_id:PROPERTY_EXCLUDED,hs_object_source:PROPERTY_EXCLUDED,hs_object_source_detail_1:PROPERTY_EXCLUDED,hs_object_source_id:PROPERTY_EXCLUDED,hs_object_source_label:PROPERTY_EXCLUDED,hs_user_ids_of_all_owners:PROPERTY_EXCLUDED,hs_voicemail_count:PROPERTY_NOT_WRITABLE,hubspot_owner_assigneddate:PROPERTY_NOT_WRITABLE,hubspot_owner_id:OWNER_UNASSIGNED
2026-09-26T18:32:59.399Z [UNCHANGED] sourceCall=90746256263 destinationCall=117469660446 owner=1319846492→- contacts=0 companies=0 deals=0
2026-09-26T18:32:59.399Z [PROGRESS] Fetched: 16 / 16 created=0 updated=0 unchanged=16 failed=0
========================================
CALL MIGRATION SUMMARY
========================================

Source Portal:      46378923
Destination Portal: 414445

Source Calls Found: 16 (portal total ≈ 16)
Created: 0
Updated: 0
Already Current: 16
Failed: 0
Calls With Association Errors: 0

Contact Associations Created: 0 (already present 276, failed 0)
Company Associations Created: 0 (already present 15, failed 0)
Deal Associations Created: 0 (already present 0, failed 0)

Contact Mapping Missing: 0
Company Mapping Missing: 14
Deal Mapping Missing: 0

Properties Skipped: 16
Owner Mapping Missing: 16
Owner Mapping Invalid: 0
Owner Left Unassigned: 16

Rate Limit Retries: 0
Other Retries: 0

Duration: 0h 0m 20s
========================================

Top Errors / Issues:

1. OWNER_MAPPING_NOT_FOUND: 16
2. OWNER_UNASSIGNED: 16
3. COMPANY_MAPPING_NOT_FOUND: 14
4. OWNER_MAPPING_ERROR: 3
5. UNTRACKED_DESTINATION_CALLS: 1

Logs: /home/cedcoss/Desktop/Practus-Migration HS To HS -All/logs
